{"type":"FeatureCollection","name":"shc_districts","features":[{"type":"Feature","properties":{"state":"KARNATAKA","district":"Bagalkote"},"geometry":{"type":"Polygon","coordinates":[[[75.3544,16.1286],[75.2758,16.1203],[75.2862,16.2006],[75.2323,16.2101],[75.2341,16.2595],[75.1294,16.2871],[75.1296,16.3309],[75.057,16.3308],[75.0432,16.3182],[75.0351,16.3868],[75.073,16.4044],[75.0778,16.4378],[75.028,16.4336],[75.0168,16.4584],[74.9884,16.4536],[74.9879,16.4986],[75.0076,16.5384],[75.0668,16.5394],[75.0713,16.5676],[75.1104,16.507],[75.1548,16.5284],[75.1687,16.5987],[75.2213,16.6169],[75.2589,16.6077],[75.2646,16.6916],[75.2879,16.7151],[75.3626,16.7144],[75.3662,16.7601],[75.426,16.7679],[75.492,16.7442],[75.4883,16.6945],[75.4378,16.6979],[75.4621,16.6226],[75.4936,16.5932],[75.4722,16.5634],[75.4884,16.5551],[75.4859,16.5086],[75.4555,16.5067],[75.4632,16.4738],[75.4323,16.4366],[75.4476,16.414],[75.4885,16.4185],[75.4991,16.4536],[75.5363,16.4662],[75.5673,16.4125],[75.5994,16.4465],[75.6328,16.4443],[75.7208,16.391],[75.8103,16.3703],[75.956,16.2972],[76.0264,16.3007],[76.0653,16.2621],[76.0631,16.2105],[76.1392,16.1811],[76.2387,16.1667],[76.2342,16.1307],[76.2555,16.0971],[76.2678,16.1097],[76.3323,16.0919],[76.328,16.0775],[76.2567,16.0858],[76.2588,16.074],[76.3032,16.0735],[76.3119,16.0001],[76.298,15.9895],[76.329,15.9348],[76.2853,15.929],[76.2846,15.9027],[76.2004,15.9438],[76.1172,15.8863],[76.0582,15.9074],[76.0788,16.0108],[75.9896,16.0052],[75.9736,15.9863],[75.9736,15.8615],[75.9283,15.8756],[75.9017,15.9235],[75.8532,15.9356],[75.7885,15.925],[75.7735,15.9026],[75.8273,15.9004],[75.828,15.8665],[75.8487,15.8719],[75.847,15.8388],[75.7803,15.8527],[75.7796,15.8172],[75.7448,15.8128],[75.7086,15.8292],[75.676,15.8211],[75.6721,15.8363],[75.6568,15.8266],[75.6424,15.8413],[75.6177,15.8356],[75.6166,15.8212],[75.5665,15.8383],[75.5527,15.8247],[75.4978,15.8723],[75.4433,15.8892],[75.4415,15.9186],[75.4249,15.9214],[75.4378,16.003],[75.4154,16.0524],[75.4449,16.0529],[75.4279,16.0929],[75.4389,16.1155],[75.4159,16.1158],[75.4119,16.1306],[75.4046,16.1139],[75.3554,16.1153],[75.3544,16.1286]]]}},{"type":"Feature","properties":{"state":"KARNATAKA","district":"Ballari"},"geometry":{"type":"Polygon","coordinates":[[[76.5606,14.8801],[76.4818,14.8594],[76.4529,14.9107],[76.4699,14.927],[76.398,14.9331],[76.4078,14.951],[76.3747,14.9573],[76.3614,14.9959],[76.3787,15.0225],[76.4044,15.0282],[76.3924,15.0647],[76.4516,15.0386],[76.4799,15.0705],[76.3958,15.1934],[76.4232,15.2071],[76.4318,15.2329],[76.4804,15.2096],[76.4997,15.1817],[76.5349,15.199],[76.6151,15.2017],[76.6351,15.2443],[76.609,15.269],[76.5813,15.2529],[76.5909,15.3066],[76.5529,15.3202],[76.5576,15.3663],[76.5406,15.3811],[76.6123,15.4428],[76.666,15.4498],[76.709,15.4885],[76.7801,15.4928],[76.8108,15.5128],[76.8106,15.5472],[76.835,15.5659],[76.8343,15.6278],[76.9169,15.6997],[76.9428,15.7619],[77.0252,15.8375],[77.0631,15.8296],[77.0672,15.7877],[77.0459,15.7404],[77.0797,15.7275],[77.0787,15.6951],[77.1289,15.6659],[77.1214,15.6311],[77.0832,15.6591],[77.0304,15.6345],[77.03,15.5026],[76.9745,15.5105],[76.9738,15.4995],[77.0335,15.4329],[77.0292,15.4044],[77.0472,15.39],[77.0418,15.3619],[77.0637,15.328],[77.1131,15.3337],[77.1184,15.2949],[77.1516,15.2924],[77.1471,15.2729],[77.1669,15.2686],[77.1263,15.24],[77.1251,15.2269],[77.1548,15.2148],[77.1691,15.1713],[77.1347,15.1483],[77.1573,15.1289],[77.1301,15.1008],[77.1195,15.0457],[77.0847,15.0307],[77.072,15.0046],[77.0441,15.0098],[77.0496,15.0331],[77.0041,15.0338],[76.9852,15.0152],[76.9184,15.0355],[76.8772,15.0302],[76.8659,15.0597],[76.8002,15.0958],[76.7767,15.0784],[76.7901,15.0207],[76.7724,14.9908],[76.7341,14.9855],[76.7301,15.0328],[76.7037,15.0334],[76.7016,15.0161],[76.6726,15.0206],[76.6887,14.9786],[76.7171,14.9682],[76.7068,14.931],[76.6598,14.9418],[76.6775,14.8944],[76.5948,14.8816],[76.5862,14.8586],[76.5606,14.8801]]]}},{"type":"Feature","properties":{"state":"KARNATAKA","district":"Belagavi"},"geometry":{"type":"MultiPolygon","coordinates":[[[[74.4219,15.4636],[74.3425,15.518],[74.2782,15.5228],[74.2779,15.5461],[74.2452,15.5666],[74.2643,15.6155],[74.2442,15.6261],[74.252,15.6543],[74.2364,15.6686],[74.2051,15.651],[74.181,15.6821],[74.1644,15.6535],[74.1355,15.6484],[74.0883,15.6699],[74.1258,15.681],[74.1222,15.7207],[74.1616,15.7513],[74.2014,15.7586],[74.221,15.786],[74.2335,15.787],[74.2265,15.7626],[74.2403,15.7433],[74.2683,15.7547],[74.2873,15.742],[74.3231,15.7727],[74.3584,15.7748],[74.372,15.7982],[74.3606,15.8178],[74.3831,15.8491],[74.3382,15.8549],[74.3633,15.8749],[74.3647,15.8939],[74.3686,15.8944],[74.3881,15.8543],[74.4062,15.8554],[74.3869,15.905],[74.4308,15.9566],[74.4632,16.0392],[74.4297,16.0592],[74.3734,16.0364],[74.3773,16.0551],[74.3613,16.0538],[74.3722,16.0782],[74.4276,16.112],[74.4816,16.0889],[74.4912,16.1043],[74.4798,16.1471],[74.508,16.2023],[74.4805,16.2501],[74.4686,16.2402],[74.4176,16.258],[74.4105,16.2831],[74.373,16.2616],[74.3548,16.2926],[74.343,16.2907],[74.3505,16.2754],[74.3249,16.2718],[74.3208,16.2845],[74.3425,16.298],[74.3166,16.3266],[74.327,16.3425],[74.3172,16.381],[74.3359,16.3937],[74.3534,16.3664],[74.3637,16.4051],[74.3351,16.4014],[74.3326,16.4548],[74.2893,16.463],[74.2909,16.5049],[74.2608,16.4801],[74.2474,16.4969],[74.2782,16.5049],[74.2644,16.5404],[74.3014,16.5293],[74.3061,16.5037],[74.3157,16.5545],[74.3562,16.5597],[74.3579,16.5383],[74.3798,16.5286],[74.3966,16.5833],[74.4667,16.6068],[74.4548,16.6473],[74.4687,16.6638],[74.489,16.6301],[74.5445,16.6355],[74.5435,16.5953],[74.5669,16.5854],[74.5548,16.5645],[74.5685,16.5539],[74.6286,16.5777],[74.64,16.6105],[74.687,16.6068],[74.6535,16.6388],[74.6896,16.677],[74.691,16.7155],[74.7321,16.7183],[74.772,16.7507],[74.8498,16.7728],[74.9201,16.7725],[74.9015,16.8626],[74.9604,16.8809],[74.9636,16.9097],[74.9218,16.9299],[74.9317,16.9448],[74.9645,16.9268],[74.9644,16.9476],[74.9929,16.9521],[75.0266,16.9441],[75.0252,16.928],[75.0893,16.9516],[75.0963,16.9137],[75.1175,16.9134],[75.1365,16.8745],[75.189,16.8753],[75.1818,16.8434],[75.2142,16.8417],[75.2377,16.8679],[75.2647,16.8628],[75.282,16.8803],[75.2796,16.9566],[75.3416,16.9562],[75.3356,16.8694],[75.3949,16.8631],[75.3789,16.8241],[75.3844,16.7634],[75.3662,16.7601],[75.3626,16.7144],[75.2879,16.7151],[75.2646,16.6916],[75.2586,16.6074],[75.2213,16.6169],[75.171,16.6004],[75.157,16.5838],[75.162,16.5345],[75.1195,16.5077],[75.0713,16.5676],[75.0668,16.5394],[75.0076,16.5384],[74.9865,16.4631],[75.0168,16.4584],[75.028,16.4336],[75.0778,16.4378],[75.073,16.4044],[75.0351,16.3868],[75.0432,16.3182],[75.057,16.3308],[75.1308,16.3304],[75.1294,16.2871],[75.2341,16.2595],[75.2323,16.2101],[75.2859,16.2012],[75.2758,16.1203],[75.3278,16.1153],[75.3544,16.1286],[75.3554,16.1153],[75.4046,16.1139],[75.4119,16.1306],[75.4159,16.1158],[75.4389,16.1155],[75.4279,16.0929],[75.4449,16.0529],[75.4194,16.0566],[75.4155,16.04],[75.4378,16.003],[75.4249,15.9214],[75.4415,15.9186],[75.4376,15.8948],[75.4573,15.8615],[75.4472,15.7938],[75.4372,15.7787],[75.4142,15.7848],[75.4246,15.8419],[75.3749,15.8453],[75.3647,15.8049],[75.3411,15.8048],[75.3393,15.8276],[75.3036,15.8126],[75.3183,15.7449],[75.2996,15.7276],[75.2746,15.7404],[75.2737,15.6487],[75.2491,15.647],[75.2363,15.679],[75.2026,15.6815],[75.2027,15.6491],[75.1082,15.672],[75.0918,15.6079],[75.0563,15.6325],[75.0632,15.6693],[75.0498,15.6825],[75.0194,15.6439],[74.9663,15.6543],[74.9651,15.6272],[74.9022,15.6319],[74.8305,15.6103],[74.8409,15.5747],[74.7979,15.5485],[74.8139,15.505],[74.7783,15.4593],[74.7486,15.4962],[74.7273,15.4889],[74.7444,15.4635],[74.7296,15.4315],[74.7408,15.411],[74.6493,15.39],[74.6139,15.3585],[74.5447,15.4168],[74.5114,15.4027],[74.4918,15.4443],[74.4575,15.4036],[74.4264,15.3984],[74.4219,15.4636]]],[[[74.2912,15.8321],[74.3118,15.7933],[74.2854,15.7879],[74.2665,15.7978],[74.2617,15.8296],[74.2912,15.8321]]]]}},{"type":"Feature","properties":{"state":"KARNATAKA","district":"Bengaluru Rural"},"geometry":{"type":"Polygon","coordinates":[[[77.2935,13.1098],[77.2847,13.1344],[77.2667,13.1224],[77.275,13.1526],[77.2136,13.1498],[77.1835,13.2576],[77.1884,13.2764],[77.2193,13.2629],[77.229,13.3133],[77.2817,13.2973],[77.2812,13.3104],[77.3385,13.3291],[77.3459,13.4176],[77.3629,13.42],[77.3486,13.4572],[77.3734,13.47],[77.3847,13.4991],[77.4155,13.492],[77.433,13.464],[77.5047,13.4578],[77.5225,13.4315],[77.5484,13.4359],[77.5515,13.4196],[77.5924,13.4186],[77.6031,13.4413],[77.6154,13.4211],[77.5992,13.4151],[77.6024,13.3982],[77.6191,13.4024],[77.6209,13.3754],[77.6576,13.3978],[77.6671,13.348],[77.6999,13.3374],[77.711,13.3662],[77.7164,13.3518],[77.7541,13.3638],[77.789,13.3518],[77.8272,13.327],[77.8102,13.3101],[77.8296,13.2907],[77.8159,13.2976],[77.8088,13.2615],[77.821,13.2582],[77.8076,13.2431],[77.8213,13.2526],[77.8508,13.2411],[77.85,13.2195],[77.8908,13.2576],[77.9056,13.2506],[77.8909,13.2345],[77.9649,13.244],[77.9452,13.2142],[77.9579,13.2187],[77.9638,13.1893],[77.9562,13.1263],[77.9013,13.1024],[77.9133,13.0808],[77.9396,13.0836],[77.9415,13.0688],[77.9137,13.0484],[77.8922,13.0522],[77.8647,12.9736],[77.8707,12.9371],[77.8396,12.9222],[77.8619,12.9143],[77.8523,12.8909],[77.8677,12.8681],[77.8296,12.8775],[77.8162,12.9147],[77.8323,12.9266],[77.811,12.9331],[77.7975,12.9182],[77.7651,12.9425],[77.7811,13.0338],[77.7603,13.0738],[77.765,13.1078],[77.7245,13.1266],[77.7256,13.1927],[77.6843,13.2034],[77.663,13.184],[77.6604,13.2009],[77.6174,13.2105],[77.5743,13.1987],[77.5593,13.2323],[77.5223,13.2088],[77.5114,13.2286],[77.4799,13.2234],[77.4679,13.1625],[77.4318,13.1651],[77.3929,13.1176],[77.4179,13.1049],[77.4267,13.0787],[77.3837,13.0674],[77.3891,13.0265],[77.3756,13.0288],[77.3718,12.9921],[77.3476,12.9743],[77.3287,12.9776],[77.3292,13.0499],[77.3111,13.0463],[77.3143,13.1061],[77.2935,13.1098]]]}},{"type":"Feature","properties":{"state":"KARNATAKA","district":"Bengaluru Urban"},"geometry":{"type":"Polygon","coordinates":[[[77.48,12.8086],[77.4196,12.8263],[77.4379,12.8502],[77.4184,12.8695],[77.4299,12.8754],[77.3794,12.8549],[77.3331,12.8873],[77.3434,12.888],[77.3395,12.9441],[77.3262,12.9739],[77.3718,12.9921],[77.394,13.0529],[77.3837,13.0674],[77.4237,13.0703],[77.4281,13.0834],[77.3941,13.1194],[77.4318,13.1651],[77.4679,13.1625],[77.4799,13.2234],[77.5114,13.2286],[77.5223,13.2088],[77.5593,13.2323],[77.5743,13.1987],[77.6174,13.2105],[77.6604,13.2009],[77.663,13.184],[77.6843,13.2034],[77.7256,13.1927],[77.7245,13.1266],[77.765,13.1078],[77.7603,13.0738],[77.7811,13.0338],[77.7651,12.9425],[77.7975,12.9182],[77.811,12.9331],[77.8323,12.9266],[77.8162,12.9147],[77.836,12.8703],[77.7925,12.8427],[77.8099,12.8315],[77.8085,12.7967],[77.7788,12.768],[77.7927,12.7479],[77.7624,12.7353],[77.7745,12.7242],[77.7639,12.6996],[77.7386,12.6992],[77.7385,12.6722],[77.7116,12.6831],[77.7024,12.6608],[77.6787,12.6604],[77.6764,12.6795],[77.6599,12.6838],[77.5973,12.6574],[77.6154,12.7092],[77.5941,12.7221],[77.5674,12.7011],[77.5558,12.7327],[77.5947,12.7523],[77.5921,12.7804],[77.5804,12.7872],[77.5655,12.7589],[77.5569,12.7991],[77.5449,12.7986],[77.5407,12.7502],[77.5213,12.7324],[77.5138,12.7502],[77.5049,12.7324],[77.4735,12.7569],[77.48,12.8086]]]}},{"type":"Feature","properties":{"state":"KARNATAKA","district":"Bidar"},"geometry":{"type":"MultiPolygon","coordinates":[[[[76.9871,17.6581],[76.921,17.6107],[76.9289,17.6375],[76.8418,17.6537],[76.7929,17.6532],[76.7785,17.636],[76.7735,17.6668],[76.7327,17.6656],[76.7144,17.6388],[76.6988,17.6422],[76.7123,17.6577],[76.6945,17.6618],[76.6907,17.6835],[76.7135,17.698],[76.6996,17.7272],[76.7283,17.7376],[76.7141,17.7809],[76.762,17.787],[76.7904,17.8263],[76.7675,17.8521],[76.7385,17.8567],[76.74,17.8997],[76.7682,17.9012],[76.775,17.8777],[76.8067,17.8706],[76.8102,17.887],[76.8397,17.8994],[76.8843,17.8943],[76.9013,17.9172],[76.919,17.916],[76.9056,18.0097],[76.9143,18.0354],[76.9523,18.0402],[76.9452,18.0832],[76.9663,18.0982],[76.9205,18.1182],[76.9519,18.1881],[76.9906,18.19],[77.0011,18.1609],[77.0233,18.1585],[77.0332,18.182],[77.064,18.1507],[77.1115,18.1558],[77.0976,18.1967],[77.1515,18.217],[77.1748,18.2849],[77.213,18.2803],[77.1987,18.3155],[77.2191,18.3257],[77.2258,18.3652],[77.2464,18.3708],[77.2337,18.3882],[77.2418,18.4126],[77.3169,18.4423],[77.325,18.4588],[77.3452,18.4336],[77.3656,18.4516],[77.3728,18.4011],[77.4141,18.3931],[77.3949,18.3685],[77.4001,18.3474],[77.3567,18.3202],[77.3658,18.3071],[77.4377,18.3103],[77.4476,18.27],[77.465,18.2625],[77.5116,18.282],[77.5126,18.3096],[77.6054,18.2813],[77.5718,18.244],[77.5853,18.2198],[77.5635,18.1961],[77.5968,18.1559],[77.5988,18.0933],[77.5476,18.0561],[77.5886,18.0122],[77.6059,18.0202],[77.6278,17.9968],[77.6489,17.9989],[77.6558,17.9683],[77.6495,17.95],[77.633,17.9674],[77.6245,17.9596],[77.619,17.9041],[77.5861,17.9078],[77.5991,17.8731],[77.5764,17.8754],[77.554,17.8201],[77.5282,17.8279],[77.5066,17.786],[77.5691,17.7665],[77.5685,17.7489],[77.546,17.7268],[77.4524,17.6947],[77.4441,17.5844],[77.3788,17.5839],[77.3596,17.6002],[77.3404,17.5879],[77.3003,17.5977],[77.2749,17.6268],[77.2305,17.6325],[77.1975,17.632],[77.1889,17.6154],[77.15,17.6324],[77.127,17.6865],[77.0853,17.659],[76.9943,17.6967],[76.9775,17.683],[76.9871,17.6581]]],[[[77.295,18.477],[77.2943,18.4588],[77.2675,18.4546],[77.275,18.4777],[77.295,18.477]]]]}},{"type":"Feature","properties":{"state":"KARNATAKA","district":"Chamarajanagara"},"geometry":{"type":"Polygon","coordinates":[[[76.7569,11.6184],[76.614,11.6076],[76.56,11.6225],[76.5506,11.6742],[76.5117,11.705],[76.4582,11.6643],[76.4167,11.6717],[76.4034,11.7109],[76.4274,11.726],[76.4105,11.7423],[76.4229,11.7756],[76.4129,11.7878],[76.4287,11.7955],[76.4099,11.8112],[76.4622,11.7926],[76.4688,11.8191],[76.4928,11.8221],[76.4911,11.861],[76.5347,11.8732],[76.5537,11.8586],[76.5766,11.9235],[76.5575,11.9489],[76.5783,11.9882],[76.6428,11.9828],[76.6511,12.0079],[76.7173,11.9849],[76.7409,12.0093],[76.7937,11.9863],[76.7921,12.0107],[76.8117,12.0268],[76.8365,11.9998],[76.9361,12.0131],[76.9388,12.0262],[76.9151,12.0259],[76.8907,12.0582],[76.8535,12.0598],[76.8841,12.0825],[76.8767,12.1152],[76.8458,12.1132],[76.8315,12.1319],[76.8535,12.1801],[76.8714,12.174],[76.8714,12.1413],[76.8909,12.1211],[76.9488,12.0974],[76.9891,12.1404],[76.9931,12.1766],[77.0143,12.1632],[77.0158,12.134],[77.0398,12.1283],[77.0447,12.1692],[77.1223,12.1972],[77.1342,12.2256],[77.1253,12.2453],[77.17,12.2598],[77.1665,12.3101],[77.268,12.3141],[77.3028,12.2987],[77.3269,12.3077],[77.3489,12.2789],[77.4303,12.2871],[77.4483,12.25],[77.4785,12.2401],[77.472,12.2079],[77.4927,12.1973],[77.6108,12.2061],[77.73,12.1806],[77.7762,12.1173],[77.6964,12.0158],[77.6757,11.952],[77.538,11.9324],[77.4942,11.9433],[77.4862,11.8874],[77.4616,11.9],[77.4666,11.8471],[77.4272,11.7609],[77.3945,11.7876],[77.3648,11.7904],[77.3351,11.7712],[77.2939,11.809],[77.2499,11.813],[77.2386,11.7947],[77.1107,11.7735],[77.1177,11.7211],[77.0802,11.736],[77.0564,11.7698],[77.0669,11.788],[77.0351,11.7698],[77.0299,11.8047],[76.983,11.8118],[76.9699,11.7769],[76.9539,11.7921],[76.908,11.7952],[76.9004,11.7839],[76.8883,11.7336],[76.835,11.6554],[76.8536,11.597],[76.7569,11.6184]]]}},{"type":"Feature","properties":{"state":"KARNATAKA","district":"Chikkaballapura"},"geometry":{"type":"Polygon","coordinates":[[[77.5353,13.4323],[77.4833,13.4679],[77.433,13.464],[77.4155,13.492],[77.3822,13.5008],[77.3914,13.5341],[77.36,13.6138],[77.3972,13.6735],[77.4879,13.6867],[77.485,13.7148],[77.5142,13.7132],[77.5252,13.691],[77.5366,13.7306],[77.5273,13.7538],[77.5474,13.7529],[77.5606,13.7224],[77.6,13.7508],[77.6278,13.7346],[77.6419,13.7478],[77.6177,13.7627],[77.6515,13.7841],[77.6801,13.7868],[77.6717,13.7605],[77.7033,13.7698],[77.7174,13.7411],[77.7193,13.8003],[77.7815,13.8183],[77.7823,13.8441],[77.8371,13.8697],[77.8135,13.9146],[77.8266,13.9447],[77.8957,13.941],[77.8958,13.9204],[77.9268,13.9053],[77.9674,13.9602],[77.9875,13.9555],[77.9846,13.8974],[77.9491,13.8864],[77.953,13.8274],[77.9761,13.8295],[78.0005,13.8729],[78.0212,13.8638],[78.0413,13.8603],[78.0462,13.8621],[78.0489,13.8961],[78.079,13.8812],[78.0819,13.8612],[78.1148,13.8629],[78.1266,13.7871],[78.0915,13.7423],[78.1208,13.7156],[78.1132,13.6927],[78.0691,13.6978],[78.0657,13.6761],[78.0897,13.6591],[78.0871,13.6431],[78.1561,13.6586],[78.1682,13.6329],[78.2042,13.6284],[78.1896,13.5752],[78.2037,13.5278],[78.1878,13.5136],[78.2104,13.471],[78.1826,13.4206],[78.1357,13.4053],[78.1246,13.386],[78.1501,13.3579],[78.1319,13.3525],[78.1308,13.3284],[78.109,13.3233],[78.1365,13.3043],[78.1338,13.2876],[78.092,13.3102],[78.0469,13.2783],[77.9896,13.3043],[77.9845,13.2861],[77.9382,13.268],[77.929,13.2382],[77.8909,13.2345],[77.9056,13.2506],[77.8908,13.2576],[77.85,13.2195],[77.8508,13.2411],[77.8213,13.2526],[77.8076,13.2431],[77.821,13.2582],[77.8088,13.2615],[77.8159,13.2976],[77.8296,13.2907],[77.8102,13.3101],[77.8272,13.327],[77.7541,13.3638],[77.7164,13.3518],[77.7167,13.3656],[77.7094,13.3657],[77.6999,13.3374],[77.6671,13.348],[77.6576,13.3978],[77.6209,13.3754],[77.6191,13.4024],[77.6024,13.3982],[77.5992,13.4151],[77.6154,13.4211],[77.6031,13.4413],[77.5908,13.4183],[77.5353,13.4323]]]}},{"type":"Feature","properties":{"state":"KARNATAKA","district":"Chikkamagaluru"},"geometry":{"type":"Polygon","coordinates":[[[75.3545,13.1844],[75.2943,13.1244],[75.2075,13.1532],[75.2063,13.1767],[75.1667,13.2028],[75.1399,13.2881],[75.1125,13.2825],[75.0785,13.343],[75.0897,13.3612],[75.1277,13.3661],[75.1271,13.3852],[75.1463,13.3928],[75.1545,13.4531],[75.1363,13.4724],[75.1697,13.5079],[75.1762,13.4991],[75.2262,13.5282],[75.2159,13.5579],[75.2264,13.5683],[75.2107,13.5853],[75.2214,13.6023],[75.2448,13.6051],[75.2789,13.5645],[75.3262,13.5925],[75.3443,13.5806],[75.3697,13.5971],[75.366,13.6219],[75.3888,13.6133],[75.4119,13.6396],[75.3829,13.7109],[75.4192,13.7061],[75.4543,13.7236],[75.4873,13.7686],[75.5409,13.728],[75.5714,13.7554],[75.6108,13.7609],[75.6279,13.7332],[75.6225,13.7057],[75.6357,13.7014],[75.6747,13.7232],[75.6559,13.7461],[75.6692,13.7641],[75.6865,13.7499],[75.6872,13.7667],[75.7646,13.7815],[75.7671,13.7971],[75.8078,13.7944],[75.8254,13.8186],[75.8955,13.8062],[75.9523,13.816],[75.9702,13.8564],[75.9888,13.8485],[76.0158,13.8719],[76.0233,13.8635],[76.0333,13.8977],[76.0501,13.8992],[76.0555,13.8808],[76.0986,13.8639],[76.1152,13.8121],[76.1295,13.8143],[76.1489,13.7325],[76.2197,13.7133],[76.2217,13.6821],[76.2865,13.6466],[76.2731,13.605],[76.3531,13.5795],[76.3627,13.5305],[76.3457,13.5138],[76.3159,13.5397],[76.312,13.5254],[76.2932,13.5271],[76.2899,13.5048],[76.2339,13.5075],[76.2311,13.4679],[76.198,13.4689],[76.1964,13.4503],[76.1934,13.4689],[76.1622,13.4697],[76.1372,13.4423],[76.1394,13.4066],[76.0899,13.3937],[76.0889,13.3715],[76.0416,13.3744],[76.027,13.3269],[76.0429,13.3238],[76.0364,13.2486],[75.8994,13.2663],[75.8615,13.24],[75.8573,13.2583],[75.816,13.2589],[75.8057,13.2159],[75.7432,13.2078],[75.7302,13.1644],[75.7537,13.136],[75.7271,13.0994],[75.7402,13.03],[75.7279,13.0235],[75.6947,13.046],[75.6556,13.0225],[75.6427,13.0313],[75.5954,12.9438],[75.5567,12.9128],[75.5562,12.943],[75.5143,12.9789],[75.5325,13.0045],[75.5152,13.066],[75.4861,13.0924],[75.4704,13.0776],[75.4709,13.0971],[75.4337,13.1217],[75.4247,13.1063],[75.4071,13.1117],[75.404,13.1594],[75.3545,13.1844]]]}},{"type":"Feature","properties":{"state":"KARNATAKA","district":"Chitradurga"},"geometry":{"type":"Polygon","coordinates":[[[76.1489,13.7325],[76.0986,13.8639],[76.0555,13.8808],[76.0504,13.8991],[76.0284,13.8987],[76.0446,13.9424],[76.0656,13.9415],[76.0722,13.9822],[76.0432,13.9873],[76.0546,14.089],[76.0332,14.0901],[76.025,14.1131],[76.0463,14.1549],[76.0633,14.1595],[76.061,14.2225],[76.079,14.2451],[76.1349,14.256],[76.1064,14.3103],[76.1161,14.3232],[76.1565,14.32],[76.1553,14.3869],[76.1362,14.427],[76.1734,14.4606],[76.2049,14.4583],[76.2185,14.4419],[76.2613,14.4443],[76.2812,14.4042],[76.3831,14.4202],[76.4235,14.45],[76.4597,14.4516],[76.4614,14.5061],[76.5214,14.5243],[76.5331,14.5427],[76.51,14.5604],[76.5353,14.5612],[76.6009,14.6208],[76.6121,14.6484],[76.598,14.6693],[76.6448,14.713],[76.6675,14.7938],[76.7046,14.8179],[76.7417,14.8183],[76.7117,14.8373],[76.7134,14.8653],[76.6975,14.8882],[76.6779,14.8872],[76.6652,14.916],[76.6598,14.9419],[76.6972,14.9276],[76.7167,14.9479],[76.7153,14.973],[76.6887,14.9786],[76.6726,15.0206],[76.7016,15.0161],[76.7037,15.0334],[76.7301,15.0328],[76.7341,14.9855],[76.7606,14.9899],[76.7671,14.9749],[76.8285,14.9565],[76.8675,14.9698],[76.8638,14.8956],[76.8455,14.8893],[76.854,14.8094],[76.8374,14.8106],[76.8367,14.7908],[76.7827,14.7859],[76.8029,14.7419],[76.7753,14.681],[76.765,14.6021],[76.7818,14.5965],[76.8063,14.5311],[76.8556,14.5096],[76.868,14.474],[76.9007,14.4892],[76.9748,14.4853],[76.9598,14.4502],[76.9448,14.4509],[76.9427,14.3993],[76.9158,14.4207],[76.8848,14.3957],[76.8823,14.3558],[76.9034,14.3227],[76.9456,14.3132],[76.9567,14.2943],[76.9249,14.2738],[76.9398,14.2449],[77.0057,14.2358],[77.0028,14.198],[77.0221,14.1774],[76.9606,14.1818],[76.9476,14.1982],[76.9424,14.1733],[76.8945,14.1678],[76.8859,14.1382],[76.925,14.1371],[76.9534,14.0992],[76.923,14.057],[76.9101,14.0643],[76.8886,14.0478],[76.8728,14.0092],[76.8372,14.0182],[76.8234,13.9943],[76.8499,13.9636],[76.8114,13.9365],[76.8154,13.916],[76.7647,13.9244],[76.7229,13.8984],[76.7666,13.8358],[76.7688,13.7951],[76.749,13.7806],[76.7237,13.7997],[76.698,13.7714],[76.685,13.6905],[76.673,13.7187],[76.6298,13.7136],[76.6245,13.7341],[76.5694,13.7146],[76.5766,13.6901],[76.5295,13.6661],[76.534,13.6509],[76.5001,13.6217],[76.4607,13.6189],[76.4551,13.5909],[76.4133,13.5782],[76.3995,13.5949],[76.3827,13.5769],[76.3735,13.5931],[76.3476,13.576],[76.3332,13.5963],[76.2929,13.5905],[76.2725,13.6067],[76.2865,13.6466],[76.2217,13.6821],[76.2197,13.7133],[76.1489,13.7325]]]}},{"type":"Feature","properties":{"state":"KARNATAKA","district":"Dakshina Kannada"},"geometry":{"type":"Polygon","coordinates":[[[74.8709,12.7609],[74.8244,12.8491],[74.7891,13.004],[74.777,13.101],[74.7918,13.0965],[74.7921,13.117],[74.8598,13.1279],[74.8782,13.0953],[74.9119,13.1081],[74.9106,13.1329],[74.9333,13.1497],[74.9533,13.121],[74.9942,13.1573],[75.0152,13.1308],[75.0366,13.1416],[75.0585,13.1315],[75.0975,13.1649],[75.1151,13.1312],[75.15,13.1247],[75.2058,13.1773],[75.2075,13.1532],[75.2943,13.1244],[75.3413,13.1809],[75.3765,13.1818],[75.4094,13.1501],[75.4071,13.1117],[75.4247,13.1063],[75.4337,13.1217],[75.4709,13.0971],[75.4704,13.0776],[75.4861,13.0924],[75.5152,13.066],[75.5325,13.0045],[75.5143,12.9789],[75.5564,12.9427],[75.5636,12.8665],[75.6028,12.8755],[75.6213,12.8553],[75.6144,12.7972],[75.6583,12.7428],[75.6506,12.7179],[75.6261,12.7051],[75.6339,12.6898],[75.6669,12.6978],[75.642,12.6329],[75.6706,12.5513],[75.6148,12.5102],[75.591,12.5401],[75.5562,12.5012],[75.5659,12.4861],[75.5292,12.4995],[75.4933,12.4837],[75.4899,12.4601],[75.4646,12.4719],[75.4725,12.4995],[75.4343,12.5301],[75.4161,12.5],[75.3822,12.502],[75.3608,12.465],[75.3366,12.4641],[75.333,12.4983],[75.3046,12.5041],[75.3041,12.5233],[75.2803,12.5253],[75.2706,12.5483],[75.2729,12.569],[75.2905,12.5826],[75.3154,12.5725],[75.327,12.5924],[75.2763,12.6185],[75.2375,12.5698],[75.2203,12.5691],[75.2011,12.5877],[75.2017,12.63],[75.1607,12.6221],[75.1385,12.6434],[75.162,12.672],[75.152,12.6832],[75.1115,12.6818],[75.086,12.704],[75.0852,12.6748],[75.0466,12.6676],[75.0525,12.7201],[75.001,12.7164],[75.0134,12.728],[74.9833,12.7372],[75.0094,12.7675],[75.0032,12.7917],[74.8709,12.7609]]]}},{"type":"Feature","properties":{"state":"KARNATAKA","district":"Davangere"},"geometry":{"type":"Polygon","coordinates":[[[75.6343,14.0798],[75.5852,14.0579],[75.5313,14.0975],[75.4485,14.0954],[75.399,14.1181],[75.4437,14.1634],[75.4842,14.1762],[75.4561,14.2068],[75.5073,14.2191],[75.5268,14.2028],[75.5299,14.2774],[75.5824,14.2782],[75.6109,14.3159],[75.634,14.3149],[75.6229,14.3442],[75.6368,14.4656],[75.6616,14.4518],[75.6897,14.4918],[75.7156,14.4723],[75.7575,14.5144],[75.7992,14.5107],[75.7996,14.5412],[75.8202,14.567],[75.8045,14.5984],[75.8119,14.6361],[75.8355,14.6338],[75.8316,14.6075],[75.866,14.6167],[75.8679,14.5937],[75.9102,14.563],[75.9392,14.561],[75.9474,14.5241],[76.0279,14.5236],[76.0518,14.5057],[76.1283,14.5276],[76.1147,14.5671],[76.1458,14.6153],[76.1087,14.6596],[76.1192,14.7003],[76.1934,14.698],[76.2305,14.6493],[76.249,14.6975],[76.2795,14.6846],[76.3207,14.6926],[76.3429,14.6657],[76.3793,14.662],[76.3745,14.6466],[76.3899,14.6486],[76.3936,14.6269],[76.4321,14.6183],[76.4236,14.5817],[76.5051,14.5654],[76.5329,14.5434],[76.5069,14.5156],[76.4614,14.5061],[76.4597,14.4516],[76.4235,14.45],[76.3831,14.4202],[76.2812,14.4042],[76.2613,14.4443],[76.2185,14.4419],[76.2077,14.4574],[76.1734,14.4606],[76.1362,14.427],[76.1553,14.3869],[76.1565,14.32],[76.1161,14.3232],[76.1064,14.3103],[76.1349,14.256],[76.079,14.2451],[76.061,14.2225],[76.0633,14.1595],[76.0463,14.1549],[76.025,14.1131],[76.0332,14.0901],[76.0541,14.0909],[76.0426,13.9908],[76.0722,13.9822],[76.0692,13.9523],[76.0294,13.9184],[76.0304,13.8687],[75.9888,13.8485],[75.9702,13.8564],[75.9523,13.816],[75.8788,13.8101],[75.8239,14.0189],[75.7988,14.0333],[75.821,14.065],[75.8141,14.1056],[75.756,14.1103],[75.7255,14.0758],[75.673,14.0649],[75.6343,14.0798]]]}},{"type":"Feature","properties":{"state":"KARNATAKA","district":"Dharwad"},"geometry":{"type":"Polygon","coordinates":[[[74.8909,15.0448],[74.892,15.097],[74.8593,15.1027],[74.8293,15.1396],[74.9102,15.251],[74.9009,15.2918],[74.8889,15.3071],[74.8737,15.2985],[74.8536,15.3412],[74.8284,15.3406],[74.821,15.3851],[74.794,15.3784],[74.7652,15.3996],[74.7685,15.4161],[74.7414,15.4123],[74.7296,15.4304],[74.7444,15.4635],[74.7273,15.4889],[74.7486,15.4962],[74.7783,15.4593],[74.8139,15.505],[74.7979,15.5485],[74.8409,15.5747],[74.8298,15.6098],[74.9004,15.6316],[74.9651,15.6272],[74.9663,15.6543],[75.0194,15.6439],[75.0498,15.6825],[75.0632,15.6693],[75.0563,15.6325],[75.0918,15.6079],[75.1082,15.672],[75.2027,15.6491],[75.2026,15.6815],[75.2363,15.679],[75.2491,15.647],[75.2737,15.6487],[75.2779,15.6871],[75.2933,15.6918],[75.337,15.6738],[75.3356,15.6487],[75.3594,15.6456],[75.3624,15.6687],[75.413,15.6554],[75.4876,15.7025],[75.5025,15.6474],[75.5544,15.6473],[75.5295,15.5379],[75.4817,15.5317],[75.475,15.5166],[75.4718,15.4927],[75.4951,15.4698],[75.4924,15.3687],[75.4753,15.3958],[75.4446,15.3861],[75.4577,15.3421],[75.4497,15.3018],[75.4124,15.2997],[75.4061,15.2776],[75.4168,15.2749],[75.402,15.2733],[75.4158,15.2346],[75.4491,15.2081],[75.3988,15.2013],[75.3958,15.1655],[75.4335,15.1094],[75.4166,15.0595],[75.3692,15.0501],[75.3397,15.0697],[75.333,15.0867],[75.3506,15.101],[75.337,15.1122],[75.3364,15.1618],[75.2605,15.1183],[75.2584,15.0985],[75.1391,15.1043],[75.1331,15.119],[75.1529,15.1456],[75.141,15.1614],[75.1318,15.1448],[75.1042,15.1413],[75.1135,15.1172],[75.0774,15.1103],[75.082,15.0746],[75.0709,15.0703],[75.054,15.0829],[74.9406,15.0664],[74.9167,15.0387],[74.8909,15.0448]]]}},{"type":"Feature","properties":{"state":"KARNATAKA","district":"Gadag"},"geometry":{"type":"Polygon","coordinates":[[[75.5382,15.0274],[75.4171,15.0615],[75.4335,15.1094],[75.3958,15.1655],[75.3988,15.2013],[75.4491,15.2081],[75.4158,15.2346],[75.4165,15.2625],[75.4018,15.2724],[75.4168,15.2749],[75.4061,15.2776],[75.4124,15.2997],[75.4497,15.3018],[75.4577,15.3421],[75.4446,15.3861],[75.4753,15.3958],[75.4924,15.3687],[75.4951,15.4698],[75.4718,15.4927],[75.475,15.5166],[75.4817,15.5317],[75.5295,15.5379],[75.5544,15.6473],[75.5025,15.6474],[75.4876,15.7025],[75.413,15.6554],[75.3624,15.6687],[75.3594,15.6456],[75.3356,15.6487],[75.337,15.6738],[75.2789,15.6885],[75.2746,15.7404],[75.2996,15.7276],[75.3183,15.7449],[75.3036,15.8126],[75.3393,15.8276],[75.3411,15.8048],[75.3647,15.8049],[75.3749,15.8453],[75.4246,15.8419],[75.4142,15.7848],[75.4372,15.7787],[75.4578,15.8185],[75.4488,15.8848],[75.4603,15.887],[75.5527,15.8247],[75.5665,15.8383],[75.6166,15.8212],[75.6177,15.8356],[75.6424,15.8413],[75.6568,15.8266],[75.6721,15.8363],[75.676,15.8211],[75.7086,15.8292],[75.7448,15.8128],[75.7796,15.8172],[75.7802,15.8527],[75.8082,15.8517],[75.929,15.7909],[75.961,15.7838],[75.9844,15.8024],[75.9945,15.7807],[76.0389,15.7708],[76.0417,15.7185],[76.0049,15.7155],[75.9844,15.6938],[75.9833,15.6672],[76.0142,15.6802],[76.0112,15.6624],[75.968,15.6642],[75.967,15.6789],[75.9436,15.6764],[75.9403,15.6932],[75.9154,15.6977],[75.9106,15.7444],[75.8831,15.7375],[75.871,15.6726],[75.8875,15.6683],[75.8975,15.6071],[75.8668,15.596],[75.8602,15.5138],[75.8191,15.5079],[75.8096,15.4867],[75.8238,15.4517],[75.8589,15.4442],[75.8658,15.4078],[75.904,15.4029],[75.8887,15.2904],[75.9247,15.1827],[75.9482,15.1731],[75.9517,15.1377],[75.9242,15.1413],[75.8857,15.1098],[75.9067,15.0598],[75.8739,15.0353],[75.8461,15.0449],[75.8077,15.0245],[75.7384,14.944],[75.7011,14.9484],[75.6894,14.9748],[75.6511,14.991],[75.6318,14.9914],[75.5956,14.9556],[75.5413,14.9787],[75.5382,15.0274]]]}},{"type":"Feature","properties":{"state":"KARNATAKA","district":"Hassan"},"geometry":{"type":"Polygon","coordinates":[[[75.8077,12.7017],[75.7465,12.6792],[75.7129,12.7077],[75.6335,12.69],[75.6261,12.7051],[75.6506,12.7179],[75.6583,12.7428],[75.6144,12.7972],[75.6213,12.8553],[75.6028,12.8755],[75.5638,12.8663],[75.5545,12.9066],[75.5954,12.9438],[75.6427,13.0313],[75.6556,13.0225],[75.6947,13.046],[75.7279,13.0235],[75.7402,13.03],[75.7271,13.0994],[75.7537,13.136],[75.7302,13.1644],[75.7429,13.2075],[75.8057,13.2159],[75.816,13.2589],[75.8573,13.2583],[75.8615,13.24],[75.8994,13.2663],[76.0364,13.2486],[76.0429,13.3238],[76.027,13.3269],[76.0416,13.3744],[76.0889,13.3715],[76.0899,13.3937],[76.1394,13.4066],[76.1372,13.4423],[76.162,13.4696],[76.1934,13.4689],[76.1873,13.4527],[76.1997,13.4503],[76.198,13.4689],[76.2311,13.4679],[76.2339,13.5075],[76.2899,13.5048],[76.2932,13.5271],[76.312,13.5254],[76.3159,13.5397],[76.3423,13.5137],[76.3639,13.5471],[76.4273,13.5256],[76.3965,13.5039],[76.4197,13.4484],[76.3923,13.3794],[76.347,13.36],[76.3562,13.2491],[76.3799,13.2315],[76.3708,13.2004],[76.4124,13.1918],[76.455,13.1499],[76.4732,13.1499],[76.4723,13.0931],[76.4947,13.0946],[76.5158,13.0688],[76.5277,13.079],[76.6179,13.0638],[76.6042,13.0172],[76.6322,13.0042],[76.6336,12.9813],[76.6118,12.9653],[76.6162,12.9371],[76.5965,12.9211],[76.5777,12.8469],[76.5205,12.8414],[76.4901,12.8064],[76.4929,12.7672],[76.4896,12.7858],[76.4748,12.7717],[76.455,12.781],[76.4714,12.7987],[76.4253,12.825],[76.4136,12.8644],[76.4085,12.844],[76.3694,12.8286],[76.3683,12.809],[76.3318,12.812],[76.3571,12.75],[76.3413,12.732],[76.3628,12.7013],[76.3235,12.6351],[76.3277,12.6114],[76.3063,12.6104],[76.3003,12.6291],[76.2803,12.6167],[76.2798,12.6337],[76.2545,12.6203],[76.2191,12.6443],[76.1965,12.5773],[76.1524,12.5796],[76.1513,12.5471],[76.1142,12.5269],[76.1153,12.5128],[76.0906,12.5456],[76.0521,12.5542],[76.0456,12.577],[76.0139,12.5695],[75.9922,12.5887],[75.9885,12.5741],[75.9688,12.5767],[75.9729,12.5616],[75.9596,12.5665],[75.9395,12.6087],[75.9496,12.6248],[75.9356,12.63],[75.9399,12.6764],[75.9596,12.6833],[75.9652,12.711],[75.9419,12.7202],[75.933,12.764],[75.9708,12.7839],[75.9691,12.805],[75.9492,12.8005],[75.9198,12.8283],[75.9113,12.8152],[75.8776,12.8336],[75.8639,12.7968],[75.8782,12.7767],[75.8495,12.7498],[75.8549,12.7235],[75.8853,12.7077],[75.8867,12.6765],[75.8346,12.6709],[75.8077,12.7017]]]}},{"type":"Feature","properties":{"state":"KARNATAKA","district":"Haveri"},"geometry":{"type":"Polygon","coordinates":[[[75.1423,14.6338],[75.0352,14.658],[75.0321,14.7079],[75.0151,14.7204],[75.0471,14.7445],[75.0411,14.774],[75.0699,14.783],[75.0554,14.8147],[75.0916,14.8111],[75.068,14.8371],[75.0673,14.9187],[75.1029,14.9342],[75.0693,15.0152],[75.0774,15.1103],[75.1135,15.1172],[75.1042,15.1413],[75.1318,15.1448],[75.141,15.1614],[75.1529,15.1456],[75.1331,15.119],[75.1391,15.1043],[75.2584,15.0985],[75.2605,15.1183],[75.3364,15.1618],[75.3367,15.1136],[75.3506,15.1001],[75.3339,15.0818],[75.3677,15.0503],[75.4487,15.0607],[75.4611,15.0439],[75.5328,15.0345],[75.5413,14.9787],[75.5979,14.9548],[75.6318,14.9914],[75.6914,14.9731],[75.7011,14.9484],[75.6821,14.9355],[75.6962,14.8921],[75.7391,14.8873],[75.7327,14.8636],[75.6903,14.8568],[75.6636,14.8035],[75.7224,14.7719],[75.7063,14.7233],[75.7621,14.7348],[75.7392,14.6855],[75.7988,14.6812],[75.8202,14.567],[75.7978,14.5096],[75.7575,14.5144],[75.7156,14.4723],[75.6897,14.4918],[75.6616,14.4518],[75.6368,14.4656],[75.6229,14.3442],[75.634,14.3149],[75.6109,14.3159],[75.5824,14.2782],[75.5502,14.2743],[75.5028,14.3077],[75.501,14.3443],[75.4765,14.3438],[75.4773,14.3174],[75.3486,14.388],[75.3594,14.4093],[75.3779,14.4078],[75.3821,14.4335],[75.3401,14.4357],[75.3461,14.4853],[75.3196,14.5134],[75.2675,14.5149],[75.2972,14.5404],[75.2856,14.5605],[75.2491,14.5807],[75.2404,14.5549],[75.2274,14.5838],[75.2075,14.5721],[75.1841,14.5858],[75.1817,14.5977],[75.2051,14.5975],[75.2054,14.6377],[75.1878,14.6225],[75.1654,14.6333],[75.1608,14.6173],[75.1423,14.6338]]]}},{"type":"Feature","properties":{"state":"KARNATAKA","district":"Kalaburagi"},"geometry":{"type":"MultiPolygon","coordinates":[[[[76.4813,16.7122],[76.4226,16.7169],[76.4404,16.742],[76.4361,16.7645],[76.3709,16.7686],[76.3774,16.8017],[76.4102,16.7988],[76.4137,16.8134],[76.3524,16.8197],[76.3743,16.8588],[76.471,16.8388],[76.4332,16.8818],[76.4336,16.8976],[76.4653,16.9027],[76.4585,16.9279],[76.4341,16.9433],[76.4279,16.9274],[76.3991,16.9353],[76.4004,16.9771],[76.4366,16.9817],[76.4404,16.9968],[76.4294,17.0996],[76.388,17.0726],[76.3904,17.0971],[76.3623,17.116],[76.3946,17.143],[76.36,17.1403],[76.3689,17.1667],[76.3563,17.1887],[76.2426,17.1508],[76.2205,17.1854],[76.1881,17.1864],[76.1275,17.245],[76.0884,17.257],[76.0994,17.291],[76.065,17.3114],[76.0731,17.3365],[76.119,17.3705],[76.1626,17.3452],[76.1763,17.3008],[76.1703,17.3526],[76.2421,17.3788],[76.2507,17.3604],[76.272,17.3606],[76.2764,17.3346],[76.3177,17.3324],[76.3143,17.3484],[76.3453,17.3544],[76.354,17.3143],[76.3832,17.3145],[76.4122,17.3511],[76.4091,17.3714],[76.3634,17.3777],[76.3715,17.4364],[76.3333,17.4339],[76.3307,17.4702],[76.3755,17.4902],[76.3458,17.4925],[76.3466,17.5126],[76.3672,17.5195],[76.3627,17.5374],[76.3407,17.5425],[76.3313,17.5974],[76.4197,17.6037],[76.4292,17.645],[76.4897,17.6605],[76.4872,17.7148],[76.5239,17.7152],[76.5232,17.7598],[76.5727,17.7605],[76.5703,17.7054],[76.5822,17.7053],[76.6153,17.7704],[76.6642,17.6876],[76.711,17.6613],[76.6977,17.6452],[76.7078,17.6401],[76.7327,17.6656],[76.7735,17.6668],[76.7785,17.636],[76.7929,17.6532],[76.8988,17.6447],[76.9289,17.6375],[76.921,17.6107],[76.9404,17.6089],[76.9871,17.6581],[76.9771,17.6799],[76.9909,17.696],[77.0853,17.659],[77.1239,17.687],[77.15,17.6324],[77.1889,17.6154],[77.1975,17.632],[77.2744,17.627],[77.311,17.5947],[77.4618,17.5808],[77.4941,17.5684],[77.5069,17.5423],[77.5284,17.5754],[77.5506,17.5517],[77.5938,17.5645],[77.5969,17.5343],[77.6888,17.5109],[77.6884,17.4752],[77.6523,17.4827],[77.6571,17.5066],[77.6448,17.4776],[77.6152,17.4729],[77.6143,17.4459],[77.5762,17.4562],[77.5759,17.4307],[77.5373,17.4437],[77.513,17.4309],[77.5142,17.4142],[77.5378,17.4061],[77.5298,17.3707],[77.4838,17.355],[77.4791,17.3707],[77.4536,17.374],[77.456,17.3312],[77.4379,17.2919],[77.4585,17.279],[77.4204,17.2376],[77.3802,17.2225],[77.4037,17.2099],[77.3939,17.1944],[77.3723,17.1956],[77.3637,17.1588],[77.4067,17.1245],[77.4636,17.11],[77.4967,17.0427],[77.5022,17.0094],[77.4795,16.996],[77.4559,16.8853],[77.4111,16.8747],[77.4065,16.9019],[77.3765,16.8946],[77.3417,16.9342],[77.263,16.9282],[77.2114,16.9449],[77.1961,16.9268],[77.184,16.9424],[77.1656,16.9389],[77.1602,16.9156],[77.0947,16.9062],[77.0877,16.9445],[77.072,16.9394],[77.0639,16.954],[77.0411,16.923],[77.0195,16.9274],[77.0176,16.8986],[77.0414,16.87],[76.9799,16.8614],[76.9906,16.8122],[76.9444,16.8311],[76.9107,16.8166],[76.9017,16.8547],[76.9206,16.87],[76.9015,16.8926],[76.8705,16.8959],[76.8413,16.8664],[76.8164,16.8737],[76.7889,16.8373],[76.7599,16.8441],[76.7447,16.8159],[76.7437,16.751],[76.7289,16.7539],[76.7349,16.7787],[76.702,16.793],[76.6608,16.767],[76.6587,16.7251],[76.623,16.7425],[76.6236,16.7655],[76.6009,16.7672],[76.5164,16.7511],[76.4813,16.7122]]],[[[76.6942,17.6957],[76.7133,17.7001],[76.711,17.6945],[76.6942,17.6957]]]]}},{"type":"Feature","properties":{"state":"KARNATAKA","district":"Kodagu"},"geometry":{"type":"Polygon","coordinates":[[[75.7014,12.1083],[75.662,12.0992],[75.6361,12.1492],[75.5772,12.1578],[75.5326,12.2014],[75.5397,12.2168],[75.4794,12.2954],[75.4139,12.2907],[75.4322,12.309],[75.4104,12.3472],[75.4219,12.3727],[75.3726,12.4003],[75.3658,12.4577],[75.3934,12.4514],[75.4233,12.4668],[75.4164,12.5153],[75.4343,12.5301],[75.4725,12.4995],[75.4646,12.4719],[75.4899,12.4601],[75.4933,12.4837],[75.5292,12.4995],[75.5659,12.4861],[75.5562,12.5012],[75.591,12.5401],[75.6148,12.5102],[75.6664,12.5464],[75.642,12.6329],[75.6669,12.6978],[75.7132,12.7076],[75.7608,12.6741],[75.8077,12.7017],[75.8346,12.6709],[75.8867,12.6765],[75.8853,12.7077],[75.8518,12.7292],[75.8579,12.7691],[75.8782,12.7767],[75.8638,12.8186],[75.8795,12.8342],[75.9113,12.8152],[75.9195,12.8284],[75.9302,12.8079],[75.9691,12.805],[75.9712,12.786],[75.933,12.764],[75.9419,12.7202],[75.9652,12.711],[75.9596,12.6833],[75.9398,12.676],[75.9405,12.605],[75.9625,12.5612],[75.9922,12.5887],[76.0191,12.5716],[76.0125,12.5542],[75.9913,12.5614],[75.9937,12.5218],[75.9606,12.507],[75.9715,12.4498],[75.9278,12.4384],[75.9099,12.3943],[75.9605,12.3439],[76.0011,12.3306],[76.0247,12.2488],[76.0622,12.249],[76.1019,12.1972],[76.1332,12.1915],[76.188,12.0451],[76.1245,11.9831],[75.9835,11.9327],[75.8589,11.9594],[75.8011,12.037],[75.8026,12.0786],[75.7535,12.0841],[75.7147,12.0704],[75.7014,12.1083]]]}},{"type":"Feature","properties":{"state":"KARNATAKA","district":"Kolar"},"geometry":{"type":"Polygon","coordinates":[[[77.94,12.8531],[77.9403,12.823],[77.9181,12.8313],[77.9412,12.8682],[77.9277,12.8749],[77.936,12.8872],[77.8677,12.8681],[77.8523,12.8909],[77.8619,12.9143],[77.8395,12.9218],[77.8707,12.9371],[77.8647,12.9736],[77.8922,13.0522],[77.9137,13.0484],[77.9415,13.0688],[77.9396,13.0836],[77.9133,13.0808],[77.9013,13.1024],[77.9154,13.119],[77.9373,13.1081],[77.9393,13.1251],[77.9577,13.1303],[77.9638,13.1893],[77.9579,13.2187],[77.9452,13.2142],[77.9649,13.244],[77.935,13.2461],[77.9382,13.268],[77.9845,13.2861],[77.994,13.3049],[78.0469,13.2783],[78.092,13.3102],[78.1338,13.2876],[78.1365,13.3043],[78.109,13.3233],[78.1308,13.3284],[78.1319,13.3525],[78.1501,13.3579],[78.1457,13.3738],[78.1224,13.3786],[78.1357,13.4053],[78.1826,13.4206],[78.2054,13.4576],[78.1878,13.5136],[78.2028,13.5233],[78.1962,13.5663],[78.2162,13.5906],[78.402,13.588],[78.3753,13.509],[78.3817,13.397],[78.3651,13.3618],[78.4087,13.3429],[78.3771,13.332],[78.4011,13.3155],[78.4404,13.3284],[78.4442,13.3081],[78.4834,13.3212],[78.4793,13.3013],[78.5322,13.2669],[78.5393,13.2879],[78.5616,13.2885],[78.5655,13.312],[78.5874,13.2806],[78.5664,13.2209],[78.5787,13.213],[78.5501,13.2002],[78.5761,13.1867],[78.5798,13.1674],[78.5501,13.1642],[78.5446,13.142],[78.517,13.1316],[78.5385,13.1057],[78.5095,13.0915],[78.5143,13.0619],[78.4622,13.0432],[78.4675,12.975],[78.4353,12.981],[78.438,12.964],[78.4112,12.9453],[78.4188,12.9217],[78.438,12.929],[78.4667,12.9054],[78.4648,12.8668],[78.4456,12.9118],[78.3887,12.9069],[78.3559,12.9407],[78.3397,12.9032],[78.3235,12.9018],[78.3203,12.8873],[78.3371,12.8824],[78.3136,12.8765],[78.3124,12.8585],[78.2522,12.8606],[78.231,12.7607],[78.1342,12.782],[78.0533,12.8539],[78.0239,12.8565],[78.029,12.8452],[78.0039,12.8256],[78.0098,12.8057],[77.9885,12.8082],[77.9523,12.8571],[77.94,12.8531]]]}},{"type":"Feature","properties":{"state":"KARNATAKA","district":"Koppal"},"geometry":{"type":"Polygon","coordinates":[[[75.9542,15.1379],[75.8887,15.2904],[75.904,15.4029],[75.8658,15.4078],[75.8589,15.4442],[75.8238,15.4517],[75.8096,15.4867],[75.8191,15.5079],[75.8602,15.5138],[75.8668,15.596],[75.8975,15.6071],[75.8875,15.6683],[75.871,15.6726],[75.8831,15.7375],[75.9106,15.7444],[75.9154,15.6977],[75.9403,15.6932],[75.9436,15.6764],[75.967,15.6789],[75.968,15.6642],[76.0112,15.6624],[76.0142,15.6802],[75.9833,15.6672],[75.9844,15.6938],[76.0049,15.7155],[76.0416,15.7183],[76.0395,15.7684],[75.9945,15.7807],[75.9844,15.8024],[75.961,15.7838],[75.929,15.7909],[75.847,15.8388],[75.8487,15.8719],[75.828,15.8665],[75.8273,15.9004],[75.7735,15.9024],[75.7885,15.925],[75.8782,15.9317],[75.914,15.9124],[75.9283,15.8756],[75.9727,15.8611],[75.9737,15.9869],[75.9896,16.0052],[76.0566,16.0118],[76.0845,15.9969],[76.0582,15.9074],[76.1172,15.8863],[76.2004,15.9438],[76.2266,15.9409],[76.2299,15.9232],[76.2569,15.9228],[76.2907,15.8923],[76.3449,15.9005],[76.3379,15.8718],[76.3512,15.8637],[76.3534,15.9028],[76.3735,15.9174],[76.3751,15.9022],[76.4268,15.8903],[76.4182,15.8689],[76.4512,15.849],[76.4132,15.8045],[76.4395,15.7844],[76.4472,15.7342],[76.4915,15.7075],[76.5104,15.7167],[76.5319,15.6992],[76.597,15.6996],[76.5995,15.6739],[76.6718,15.6582],[76.6702,15.6389],[76.6906,15.6482],[76.6888,15.5958],[76.7489,15.5898],[76.7589,15.5669],[76.8107,15.5474],[76.8122,15.5147],[76.797,15.5011],[76.709,15.4885],[76.6674,15.4504],[76.6123,15.4428],[76.5923,15.413],[76.4933,15.345],[76.364,15.3284],[76.3336,15.2636],[76.249,15.1907],[76.2188,15.1966],[76.2312,15.2313],[76.1875,15.235],[76.1559,15.1958],[76.1117,15.1986],[76.0937,15.1628],[76.0272,15.1428],[75.9785,15.1528],[75.9542,15.1379]]]}},{"type":"Feature","properties":{"state":"KARNATAKA","district":"Mandya"},"geometry":{"type":"MultiPolygon","coordinates":[[[[76.4587,12.4786],[76.4113,12.5579],[76.3903,12.5523],[76.3962,12.5733],[76.3768,12.5766],[76.342,12.6557],[76.3628,12.7059],[76.3413,12.732],[76.3571,12.75],[76.3306,12.8102],[76.3683,12.809],[76.3694,12.8286],[76.4085,12.844],[76.4136,12.8644],[76.4253,12.825],[76.4714,12.7987],[76.455,12.781],[76.4748,12.7717],[76.4896,12.7858],[76.4929,12.7672],[76.4901,12.8064],[76.5205,12.8414],[76.5777,12.8469],[76.5965,12.9211],[76.6162,12.9371],[76.6118,12.9653],[76.6314,12.9727],[76.6322,13.0042],[76.6576,13.0133],[76.6728,13.0553],[76.6935,13.0367],[76.7717,13.0344],[76.8523,12.9796],[76.8396,12.9458],[76.8626,12.9279],[76.8915,12.9326],[76.8962,12.9205],[76.8672,12.9186],[76.8655,12.905],[76.8892,12.8974],[76.8923,12.8471],[76.9246,12.804],[76.9731,12.8035],[76.9983,12.7759],[77.0096,12.7824],[77.0092,12.7643],[77.0436,12.7781],[77.0489,12.7474],[77.0674,12.7583],[77.0836,12.7428],[77.0737,12.6807],[77.0975,12.6755],[77.1004,12.6305],[77.1224,12.6237],[77.1081,12.6084],[77.1285,12.5699],[77.1278,12.5533],[77.1145,12.5533],[77.1317,12.5186],[77.1254,12.4802],[77.1472,12.462],[77.1681,12.4853],[77.2378,12.4999],[77.2258,12.4895],[77.2255,12.4744],[77.2352,12.4834],[77.2362,12.47],[77.2691,12.4648],[77.2859,12.3931],[77.3134,12.3924],[77.3306,12.3621],[77.3253,12.3079],[77.1668,12.3102],[77.17,12.2598],[77.1085,12.2408],[77.1062,12.2206],[77.0883,12.2179],[77.0787,12.2365],[76.9953,12.2422],[76.9907,12.287],[76.9717,12.2903],[76.9979,12.313],[76.9866,12.3334],[76.9768,12.3277],[76.9769,12.3528],[76.9563,12.3523],[76.9577,12.3269],[76.9219,12.3217],[76.9242,12.3531],[76.939,12.3526],[76.9224,12.4418],[76.9049,12.4367],[76.9003,12.4089],[76.8324,12.4025],[76.8332,12.3845],[76.8147,12.387],[76.8028,12.355],[76.7657,12.3504],[76.7528,12.302],[76.7317,12.3165],[76.719,12.3566],[76.7002,12.3506],[76.6819,12.3669],[76.6828,12.3911],[76.6486,12.3969],[76.6249,12.3693],[76.5919,12.3618],[76.5699,12.3719],[76.555,12.3919],[76.5673,12.4259],[76.4587,12.4786]]],[[[76.9192,12.3627],[76.8983,12.3567],[76.899,12.3737],[76.9229,12.3821],[76.9192,12.3627]]],[[[76.9858,12.2643],[76.9691,12.2586],[76.9696,12.275],[76.9858,12.2643]]]]}},{"type":"Feature","properties":{"state":"KARNATAKA","district":"Mysuru"},"geometry":{"type":"Polygon","coordinates":[[[76.0581,12.2483],[76.0242,12.2492],[76.0011,12.3306],[75.9605,12.3439],[75.9087,12.3982],[75.929,12.4395],[75.9715,12.4498],[75.96,12.5054],[75.9939,12.5221],[75.9913,12.5614],[76.0125,12.5542],[76.0217,12.5769],[76.0456,12.577],[76.0521,12.5542],[76.0906,12.5456],[76.1153,12.5128],[76.1142,12.5269],[76.1513,12.5471],[76.1524,12.5796],[76.1965,12.5773],[76.2191,12.6443],[76.2545,12.6203],[76.2798,12.6337],[76.2803,12.6167],[76.3003,12.6291],[76.3063,12.6104],[76.3266,12.6109],[76.3235,12.6351],[76.342,12.6557],[76.3768,12.5766],[76.3962,12.5733],[76.3903,12.5523],[76.4113,12.5579],[76.4277,12.5423],[76.4517,12.4836],[76.5673,12.4259],[76.555,12.3919],[76.5699,12.3719],[76.5919,12.3618],[76.6249,12.3693],[76.6486,12.3969],[76.6828,12.3911],[76.6819,12.3669],[76.7002,12.3506],[76.719,12.3566],[76.7317,12.3165],[76.754,12.3021],[76.7657,12.3504],[76.8028,12.355],[76.8147,12.387],[76.8332,12.3845],[76.8324,12.4025],[76.9003,12.4089],[76.9049,12.4367],[76.9224,12.4418],[76.939,12.3526],[76.9242,12.3531],[76.9219,12.3217],[76.9577,12.3269],[76.9563,12.3523],[76.9769,12.3528],[76.9768,12.3277],[76.9866,12.3334],[76.9979,12.313],[76.9717,12.2903],[76.9907,12.287],[76.9953,12.2422],[77.0787,12.2365],[77.0883,12.2179],[77.1241,12.2427],[77.1343,12.2266],[77.1223,12.1972],[77.0447,12.1692],[77.0398,12.1283],[77.016,12.1337],[77.0143,12.1632],[76.99,12.1747],[76.9891,12.1404],[76.9488,12.0974],[76.8909,12.1211],[76.8714,12.1413],[76.8714,12.174],[76.852,12.1793],[76.8315,12.1319],[76.8458,12.1132],[76.8767,12.1152],[76.8841,12.0825],[76.8535,12.0598],[76.8907,12.0582],[76.9151,12.0259],[76.9388,12.0262],[76.9361,12.0131],[76.8365,11.9998],[76.8117,12.0268],[76.7921,12.0107],[76.7937,11.9863],[76.7409,12.0093],[76.7173,11.9849],[76.6511,12.0079],[76.6428,11.9828],[76.5783,11.9882],[76.5575,11.9489],[76.5766,11.9235],[76.5537,11.8586],[76.5347,11.8732],[76.4911,11.861],[76.4928,11.8221],[76.4688,11.8191],[76.4622,11.7926],[76.4099,11.8112],[76.4287,11.7955],[76.413,11.7879],[76.4143,11.7588],[76.3522,11.7382],[76.3173,11.7521],[76.2802,11.8116],[76.2237,11.8082],[76.2075,11.8615],[76.1904,11.8712],[76.1129,11.8587],[76.1124,11.9786],[76.1893,12.05],[76.1332,12.1915],[76.1019,12.1972],[76.0581,12.2483]],[[76.9691,12.2715],[76.9705,12.2552],[76.9824,12.2545],[76.982,12.2702],[76.9691,12.2715]],[[76.904,12.3555],[76.9201,12.3591],[76.9229,12.3821],[76.899,12.3737],[76.904,12.3555]]]}},{"type":"Feature","properties":{"state":"KARNATAKA","district":"Raichur"},"geometry":{"type":"Polygon","coordinates":[[[76.4391,15.75],[76.4395,15.7844],[76.413,15.7967],[76.4515,15.8459],[76.4182,15.8689],[76.4268,15.8903],[76.3751,15.9022],[76.3735,15.9174],[76.3534,15.9028],[76.3512,15.8637],[76.3379,15.8718],[76.3449,15.9005],[76.2877,15.8964],[76.2853,15.929],[76.329,15.9348],[76.298,15.9895],[76.3119,16.0001],[76.3032,16.0735],[76.2588,16.074],[76.2572,16.0884],[76.328,16.0775],[76.3323,16.0919],[76.2678,16.1097],[76.2555,16.0971],[76.2342,16.1307],[76.2387,16.1667],[76.2805,16.1527],[76.2982,16.1855],[76.3514,16.2005],[76.4782,16.2922],[76.6112,16.3416],[76.7608,16.4286],[76.7855,16.4178],[76.841,16.4304],[76.8698,16.4893],[76.9118,16.4849],[76.9734,16.5056],[76.976,16.5602],[77.0074,16.55],[77.0132,16.4996],[77.0576,16.5198],[77.1561,16.4726],[77.1739,16.4323],[77.4126,16.3672],[77.4897,16.385],[77.5954,16.3422],[77.5977,16.2928],[77.5632,16.3016],[77.5369,16.2668],[77.5048,16.2758],[77.4901,16.2552],[77.4923,16.2293],[77.5157,16.2278],[77.5011,16.2217],[77.4862,16.163],[77.4898,16.1196],[77.5133,16.108],[77.4937,16.0863],[77.5069,16.0796],[77.494,16.037],[77.5141,16.0081],[77.5134,15.9268],[77.4296,15.9491],[77.3795,15.9398],[77.2489,15.9646],[77.1026,15.9287],[77.071,15.9088],[77.016,15.8222],[76.9428,15.7619],[76.9169,15.6997],[76.8343,15.6278],[76.8347,15.5643],[76.8107,15.5474],[76.7589,15.5669],[76.7489,15.5898],[76.6888,15.5958],[76.6906,15.6482],[76.6702,15.6389],[76.6718,15.6582],[76.5995,15.6739],[76.597,15.6996],[76.5319,15.6992],[76.5104,15.7167],[76.4915,15.7075],[76.4391,15.75]]]}},{"type":"Feature","properties":{"state":"KARNATAKA","district":"Ramanagara"},"geometry":{"type":"Polygon","coordinates":[[[77.2378,12.4999],[77.1418,12.463],[77.124,12.4841],[77.1317,12.5186],[77.1145,12.5533],[77.1278,12.5533],[77.1285,12.5699],[77.1081,12.6084],[77.1224,12.6237],[77.1004,12.6305],[77.0992,12.6733],[77.0737,12.6807],[77.0725,12.7015],[77.0801,12.7591],[77.0926,12.7527],[77.1075,12.7803],[77.1452,12.7816],[77.1419,12.8203],[77.1588,12.8274],[77.1311,12.8592],[77.1314,12.8881],[77.107,12.8944],[77.1654,12.929],[77.1573,12.9582],[77.1298,12.9779],[77.1448,12.9876],[77.1367,13.0022],[77.1017,12.9951],[77.1183,13.0146],[77.0698,13.0402],[77.0681,13.0665],[77.0806,13.0851],[77.0719,13.1309],[77.0959,13.1458],[77.1161,13.13],[77.1189,13.1621],[77.1665,13.197],[77.1688,13.1838],[77.2036,13.1845],[77.2175,13.1449],[77.275,13.1526],[77.2684,13.1189],[77.2847,13.1344],[77.2928,13.1101],[77.3143,13.1061],[77.3111,13.0463],[77.3311,13.0429],[77.3219,13.0079],[77.3395,12.9441],[77.335,12.8784],[77.3794,12.8549],[77.4299,12.8754],[77.4184,12.8695],[77.4379,12.8502],[77.4196,12.8263],[77.436,12.8104],[77.48,12.8086],[77.4735,12.7569],[77.5049,12.7324],[77.5138,12.7502],[77.5213,12.7324],[77.5407,12.7502],[77.5449,12.7986],[77.5569,12.7991],[77.5655,12.7589],[77.5804,12.7872],[77.5921,12.7804],[77.5947,12.7523],[77.5558,12.7327],[77.5674,12.7011],[77.5941,12.7221],[77.6154,12.7092],[77.5952,12.6672],[77.606,12.628],[77.5793,12.5731],[77.5872,12.5148],[77.6163,12.5092],[77.5837,12.4788],[77.6074,12.4751],[77.6261,12.4963],[77.6348,12.4868],[77.6143,12.3622],[77.5513,12.2912],[77.4876,12.2805],[77.468,12.2432],[77.4226,12.2895],[77.3414,12.2827],[77.3227,12.3127],[77.3306,12.3621],[77.3134,12.3924],[77.2859,12.3931],[77.2691,12.4648],[77.2362,12.47],[77.2352,12.4834],[77.2255,12.4744],[77.2378,12.4999]],[[77.083,13.0708],[77.0811,13.0739],[77.0796,13.0697],[77.083,13.0708]]]}},{"type":"Feature","properties":{"state":"KARNATAKA","district":"Shivamogga"},"geometry":{"type":"Polygon","coordinates":[[[74.928,13.7688],[74.908,13.8594],[74.8651,13.8572],[74.8196,13.9078],[74.7117,13.9051],[74.6905,13.9335],[74.6987,13.9506],[74.6653,13.9812],[74.6775,14.0348],[74.6374,14.0946],[74.6557,14.1133],[74.6252,14.1625],[74.6655,14.1844],[74.7479,14.1427],[74.7187,14.2139],[74.73,14.2638],[74.7637,14.2379],[74.8323,14.23],[74.8534,14.2112],[74.8732,14.2412],[74.8776,14.2158],[74.9289,14.2353],[74.9383,14.2563],[74.907,14.2948],[74.9252,14.3194],[74.9714,14.3157],[74.9763,14.3319],[74.9392,14.3585],[74.947,14.4008],[74.9171,14.4315],[74.878,14.4355],[74.8898,14.4619],[74.9209,14.4591],[74.8892,14.4793],[74.9009,14.5293],[74.9357,14.5187],[74.9542,14.5512],[74.9768,14.5487],[74.9895,14.4727],[75.0406,14.5002],[75.0369,14.5294],[75.0613,14.5436],[75.023,14.5626],[75.0235,14.6066],[75.0508,14.6495],[75.0726,14.6552],[75.1602,14.6173],[75.1654,14.6333],[75.1878,14.6225],[75.2055,14.6376],[75.2051,14.5975],[75.1817,14.5977],[75.1841,14.5858],[75.2075,14.5721],[75.2274,14.5838],[75.2404,14.5549],[75.2435,14.5779],[75.2654,14.5797],[75.2972,14.5405],[75.2675,14.5149],[75.3196,14.5134],[75.3461,14.4853],[75.3401,14.4357],[75.3821,14.4335],[75.3779,14.4078],[75.3594,14.4093],[75.3486,14.388],[75.4773,14.3174],[75.4765,14.3438],[75.501,14.3443],[75.5027,14.3078],[75.5341,14.2895],[75.5268,14.2028],[75.5069,14.2191],[75.4529,14.2047],[75.4842,14.1762],[75.4437,14.1634],[75.3988,14.1169],[75.4485,14.0954],[75.5313,14.0975],[75.5432,14.0781],[75.6036,14.0565],[75.6343,14.0798],[75.673,14.0649],[75.7255,14.0758],[75.756,14.1103],[75.8141,14.1056],[75.821,14.065],[75.7988,14.0333],[75.8239,14.0189],[75.8788,13.8101],[75.8254,13.8186],[75.8078,13.7944],[75.7671,13.7971],[75.7646,13.7815],[75.6872,13.7667],[75.6865,13.7499],[75.6692,13.7641],[75.6559,13.7461],[75.6747,13.7232],[75.6349,13.7012],[75.6108,13.7609],[75.5714,13.7554],[75.5409,13.728],[75.4868,13.7683],[75.4543,13.7236],[75.4192,13.7061],[75.3829,13.7109],[75.4147,13.6529],[75.4073,13.6256],[75.3943,13.6305],[75.3861,13.6132],[75.3727,13.6267],[75.3697,13.5971],[75.3443,13.5806],[75.3262,13.5925],[75.295,13.5847],[75.2789,13.5645],[75.2448,13.6051],[75.2257,13.6059],[75.2107,13.5853],[75.2264,13.5683],[75.2159,13.5579],[75.226,13.5279],[75.1762,13.4991],[75.1697,13.5079],[75.1407,13.4613],[75.1158,13.4568],[75.035,13.5671],[75.0613,13.6026],[75.0154,13.6347],[75.0127,13.6578],[75.029,13.6669],[75.0121,13.6767],[75.0213,13.6981],[74.9911,13.71],[74.9985,13.7383],[74.928,13.7688]]]}},{"type":"Feature","properties":{"state":"KARNATAKA","district":"Tumakuru"},"geometry":{"type":"MultiPolygon","coordinates":[[[[76.4808,13.0913],[76.4732,13.1499],[76.455,13.1499],[76.4124,13.1918],[76.3708,13.2004],[76.3799,13.2315],[76.3562,13.2491],[76.347,13.36],[76.3923,13.3794],[76.4197,13.4484],[76.3965,13.5039],[76.4273,13.5256],[76.3639,13.5471],[76.3531,13.5795],[76.3735,13.5931],[76.3827,13.5769],[76.3995,13.5949],[76.4133,13.5782],[76.4551,13.5909],[76.4607,13.6189],[76.5001,13.6217],[76.534,13.6509],[76.5295,13.6661],[76.5766,13.6901],[76.5694,13.7146],[76.6209,13.734],[76.6298,13.7136],[76.673,13.7187],[76.685,13.6905],[76.698,13.7714],[76.7237,13.7997],[76.749,13.7806],[76.7688,13.7951],[76.7666,13.8358],[76.7216,13.8958],[76.7647,13.9244],[76.8154,13.916],[76.8114,13.9365],[76.8499,13.9636],[76.8234,13.9943],[76.8372,14.0182],[76.8728,14.0092],[76.9017,14.0593],[76.923,14.057],[76.9484,14.0921],[76.9736,14.0833],[76.9717,14.058],[76.9324,14.0539],[76.9311,14.0302],[76.9995,13.9903],[76.9938,13.9626],[77.0417,13.9334],[77.0473,13.9066],[77.023,13.9026],[77.0142,13.8603],[76.9771,13.822],[76.9969,13.7477],[77.0163,13.7384],[77.0245,13.7792],[77.0434,13.7778],[77.0647,13.7438],[77.0856,13.7424],[77.0904,13.7671],[77.1731,13.762],[77.1785,13.7827],[77.1575,13.806],[77.1687,13.8296],[77.1282,13.8565],[77.1686,13.8645],[77.1619,13.9066],[77.1847,13.9252],[77.1822,13.8695],[77.2004,13.863],[77.2152,13.8863],[77.2199,13.8677],[77.2306,13.9033],[77.2451,13.903],[77.2567,13.8465],[77.3115,13.8666],[77.3254,13.8332],[77.3624,13.8542],[77.3819,13.8394],[77.4292,13.8448],[77.4226,13.7991],[77.4642,13.8079],[77.4553,13.6823],[77.3972,13.6735],[77.3621,13.6253],[77.3915,13.5325],[77.3734,13.47],[77.3486,13.4572],[77.3629,13.42],[77.3459,13.4176],[77.3385,13.3291],[77.2812,13.3104],[77.2817,13.2973],[77.229,13.3133],[77.2193,13.2629],[77.1884,13.2764],[77.1835,13.2576],[77.2025,13.183],[77.1555,13.1934],[77.1189,13.1621],[77.1161,13.13],[77.0959,13.1458],[77.0719,13.1309],[77.0698,13.0402],[77.1183,13.0146],[77.0981,12.9993],[77.1055,12.9927],[77.1344,13.0053],[77.1448,12.9876],[77.1298,12.9779],[77.1573,12.9582],[77.1654,12.929],[77.107,12.8944],[77.1314,12.8881],[77.1311,12.8592],[77.1588,12.8274],[77.1419,12.8203],[77.1452,12.7816],[77.0975,12.7763],[77.0767,12.7455],[77.0674,12.7583],[77.0489,12.7474],[77.0436,12.7781],[77.0092,12.7643],[77.0096,12.7824],[76.9983,12.7759],[76.9731,12.8035],[76.9246,12.804],[76.8923,12.8471],[76.8892,12.8974],[76.8655,12.905],[76.8672,12.9186],[76.8962,12.9205],[76.8915,12.9326],[76.8626,12.9279],[76.8396,12.9458],[76.8397,12.9735],[76.8529,12.9787],[76.8147,13.0137],[76.7858,13.0153],[76.7646,13.0358],[76.6935,13.0367],[76.6728,13.0553],[76.6526,13.0073],[76.6129,13.0058],[76.6021,13.0402],[76.6198,13.054],[76.6075,13.0711],[76.525,13.079],[76.5158,13.0688],[76.4947,13.0946],[76.4808,13.0913]]],[[[77.0147,14.1],[77.0238,14.1863],[77.0028,14.198],[76.9993,14.2291],[77.0361,14.2467],[77.0577,14.2438],[77.0812,14.2142],[77.1149,14.2231],[77.1155,14.2921],[77.1357,14.3369],[77.1573,14.3421],[77.2382,14.3174],[77.2866,14.3401],[77.2835,14.2827],[77.3638,14.2758],[77.3595,14.234],[77.3926,14.1988],[77.4194,14.2116],[77.3784,14.3201],[77.4121,14.3365],[77.4313,14.313],[77.4462,14.3175],[77.4503,14.2807],[77.4789,14.2922],[77.4983,14.2788],[77.4928,14.231],[77.517,14.186],[77.5035,14.1571],[77.3937,14.1742],[77.3789,14.1358],[77.3517,14.1311],[77.3475,14.1036],[77.3906,14.1266],[77.4009,14.1187],[77.3605,14.0626],[77.3405,14.0602],[77.3323,14.0307],[77.3902,14.0167],[77.3816,13.9762],[77.4259,13.9861],[77.4379,13.9755],[77.4354,13.9475],[77.4121,13.9456],[77.435,13.915],[77.3987,13.8881],[77.3979,13.9062],[77.3576,13.9034],[77.3478,13.916],[77.3713,13.9528],[77.3495,13.9581],[77.3611,13.9908],[77.3362,13.9954],[77.3222,14.03],[77.275,14.0113],[77.2704,14.0345],[77.2454,14.0119],[77.1411,14.0039],[77.1274,14.047],[77.0315,14.0565],[77.0147,14.1]]],[[[77.0811,13.0739],[77.0802,13.0697],[77.0796,13.0697],[77.0811,13.0739]]]]}},{"type":"Feature","properties":{"state":"KARNATAKA","district":"Udupi"},"geometry":{"type":"Polygon","coordinates":[[[74.7094,13.3319],[74.6936,13.3437],[74.6954,13.4552],[74.6685,13.6402],[74.582,13.9252],[74.5957,13.9413],[74.6472,13.9402],[74.6652,13.9822],[74.6987,13.9506],[74.6905,13.9335],[74.7117,13.9051],[74.8196,13.9078],[74.8651,13.8572],[74.9069,13.8602],[74.928,13.7688],[74.9989,13.7381],[74.9911,13.71],[75.0213,13.6981],[75.0121,13.6767],[75.029,13.6676],[75.0127,13.6578],[75.0155,13.6346],[75.0612,13.603],[75.0336,13.5738],[75.049,13.5373],[75.0799,13.4925],[75.1023,13.4889],[75.1158,13.4568],[75.1545,13.4531],[75.1463,13.3928],[75.1271,13.3852],[75.1277,13.3661],[75.0897,13.3612],[75.0785,13.343],[75.1125,13.2825],[75.1399,13.2881],[75.1667,13.2028],[75.2058,13.1773],[75.15,13.1247],[75.1151,13.1312],[75.0975,13.1649],[75.0585,13.1315],[75.0366,13.1416],[75.0152,13.1308],[74.9942,13.1573],[74.9533,13.121],[74.9333,13.1497],[74.9106,13.1329],[74.9119,13.1081],[74.8782,13.0953],[74.8629,13.1269],[74.8261,13.1296],[74.7921,13.117],[74.7918,13.0965],[74.7775,13.1027],[74.7763,13.0715],[74.7094,13.3319]]]}},{"type":"Feature","properties":{"state":"KARNATAKA","district":"Uttara Kannada"},"geometry":{"type":"MultiPolygon","coordinates":[[[[74.3046,14.5678],[74.2704,14.627],[74.2864,14.6342],[74.2829,14.6753],[74.2493,14.7412],[74.2038,14.7364],[74.2084,14.7176],[74.1772,14.7506],[74.1521,14.7471],[74.1414,14.7792],[74.119,14.7743],[74.0928,14.804],[74.1243,14.805],[74.1248,14.8395],[74.0965,14.8974],[74.085,14.8998],[74.1242,14.9253],[74.1621,14.9121],[74.1636,14.9585],[74.2015,14.9257],[74.2367,14.9668],[74.2526,14.9591],[74.2643,14.9785],[74.2536,14.9981],[74.2965,15.0412],[74.2726,15.0975],[74.2851,15.149],[74.317,15.1863],[74.3016,15.2243],[74.2511,15.2589],[74.2763,15.2835],[74.3364,15.2949],[74.317,15.3291],[74.3232,15.3677],[74.2759,15.3916],[74.2774,15.4405],[74.2523,15.4993],[74.2819,15.5237],[74.3425,15.518],[74.3748,15.4808],[74.4219,15.4636],[74.4264,15.3984],[74.4575,15.4036],[74.4918,15.4443],[74.5114,15.4027],[74.5447,15.4168],[74.6139,15.3585],[74.6994,15.41],[74.7667,15.4172],[74.7652,15.3996],[74.794,15.3784],[74.821,15.3851],[74.8284,15.3406],[74.8536,15.3412],[74.8737,15.2985],[74.8889,15.3071],[74.9044,15.2822],[74.9102,15.251],[74.8293,15.1396],[74.8593,15.1027],[74.892,15.097],[74.8785,15.0738],[74.8909,15.0448],[74.9171,15.0388],[74.9406,15.0664],[75.082,15.0746],[75.0693,15.0152],[75.1029,14.9342],[75.0673,14.9187],[75.068,14.8371],[75.0916,14.8111],[75.0554,14.8147],[75.0699,14.783],[75.0411,14.774],[75.0471,14.7445],[75.0151,14.7204],[75.0321,14.7079],[75.031,14.6649],[75.0508,14.6495],[75.0267,14.6157],[75.021,14.5695],[75.0613,14.5436],[75.0369,14.5294],[75.0406,14.5002],[74.9895,14.4727],[74.9768,14.5487],[74.9542,14.5512],[74.9357,14.5187],[74.9009,14.5293],[74.8892,14.4793],[74.9209,14.4591],[74.8906,14.4622],[74.8746,14.4476],[74.8808,14.4292],[74.9171,14.4315],[74.9487,14.399],[74.9392,14.3585],[74.9744,14.3375],[74.9768,14.3197],[74.9203,14.3157],[74.9076,14.2853],[74.9272,14.2766],[74.9353,14.2431],[74.8901,14.2168],[74.8776,14.2158],[74.8732,14.2412],[74.8534,14.2112],[74.8323,14.23],[74.7637,14.2379],[74.73,14.2638],[74.7187,14.2139],[74.7479,14.1427],[74.6655,14.1844],[74.6252,14.1625],[74.6557,14.1133],[74.6374,14.0946],[74.6775,14.0348],[74.647,13.94],[74.5957,13.9413],[74.5789,13.9258],[74.514,13.9869],[74.4689,14.1887],[74.4417,14.2246],[74.3941,14.4183],[74.3811,14.4244],[74.3557,14.5209],[74.3102,14.5214],[74.3046,14.5678]]],[[[74.2415,14.7102],[74.2376,14.71],[74.2414,14.7118],[74.2415,14.7102]]],[[[74.1581,14.7387],[74.1524,14.74],[74.1534,14.7422],[74.1581,14.7387]]],[[[74.1109,14.7619],[74.1097,14.7539],[74.1081,14.7596],[74.1109,14.7619]]],[[[74.0892,14.7953],[74.086,14.7959],[74.0861,14.7965],[74.0892,14.7953]]],[[[74.0562,14.8172],[74.0543,14.816],[74.054,14.8166],[74.0562,14.8172]]],[[[74.0643,14.8194],[74.0637,14.8215],[74.0657,14.8201],[74.0643,14.8194]]],[[[74.0581,14.8222],[74.0613,14.8198],[74.0567,14.8194],[74.0581,14.8222]]],[[[74.0936,14.8358],[74.0936,14.8388],[74.0958,14.8378],[74.0936,14.8358]]],[[[74.1013,14.8448],[74.0975,14.8422],[74.0961,14.8458],[74.1013,14.8448]]],[[[74.1066,14.8648],[74.107,14.8657],[74.1078,14.8653],[74.1066,14.8648]]]]}},{"type":"Feature","properties":{"state":"KARNATAKA","district":"Vijayanagar"},"geometry":{"type":"Polygon","coordinates":[[[75.9102,14.563],[75.866,14.6167],[75.8316,14.6075],[75.8371,14.6311],[75.8119,14.6361],[75.7971,14.6825],[75.7392,14.6855],[75.7595,14.7374],[75.7031,14.7269],[75.7224,14.7719],[75.6639,14.807],[75.6903,14.8568],[75.7327,14.8636],[75.7391,14.8873],[75.6962,14.8921],[75.6834,14.9409],[75.7416,14.945],[75.8077,15.0245],[75.8461,15.0449],[75.8739,15.0353],[75.9035,15.0567],[75.9088,15.0767],[75.8849,15.1076],[75.9036,15.1323],[76.0937,15.1628],[76.1117,15.1986],[76.1559,15.1958],[76.1875,15.235],[76.2312,15.2313],[76.2188,15.1966],[76.249,15.1907],[76.3336,15.2636],[76.364,15.3284],[76.4673,15.3371],[76.5406,15.3811],[76.5509,15.3724],[76.5529,15.3202],[76.5909,15.3066],[76.5813,15.2529],[76.609,15.269],[76.6351,15.2443],[76.6223,15.2129],[76.6036,15.1955],[76.5554,15.2022],[76.4997,15.1817],[76.4804,15.2096],[76.4318,15.2329],[76.4232,15.2071],[76.3958,15.1934],[76.4799,15.0705],[76.4516,15.0386],[76.3924,15.0647],[76.4044,15.0282],[76.3787,15.0225],[76.3614,14.9959],[76.3747,14.9573],[76.4078,14.951],[76.398,14.9331],[76.4699,14.927],[76.4529,14.9107],[76.4818,14.8594],[76.5417,14.8815],[76.5869,14.8588],[76.5948,14.8816],[76.6748,14.8969],[76.7134,14.8653],[76.7117,14.8373],[76.7424,14.8237],[76.6675,14.7938],[76.6448,14.713],[76.598,14.6693],[76.6121,14.6484],[76.6009,14.6208],[76.5353,14.5612],[76.51,14.5604],[76.4236,14.5817],[76.4321,14.6183],[76.3936,14.6269],[76.3899,14.6486],[76.3745,14.6466],[76.3793,14.662],[76.3429,14.6657],[76.3353,14.6878],[76.2795,14.6846],[76.2569,14.7007],[76.2305,14.6493],[76.1934,14.698],[76.1449,14.7053],[76.1094,14.6874],[76.109,14.659],[76.1458,14.6153],[76.1147,14.5671],[76.1283,14.5276],[76.0518,14.5057],[76.0279,14.5236],[75.9528,14.5222],[75.9392,14.561],[75.9102,14.563]]]}},{"type":"Feature","properties":{"state":"KARNATAKA","district":"Vijayapura"},"geometry":{"type":"Polygon","coordinates":[[[75.4964,16.4261],[75.4487,16.4133],[75.4322,16.4328],[75.4632,16.4738],[75.4555,16.5067],[75.4859,16.5086],[75.4884,16.5551],[75.4722,16.5634],[75.4936,16.5932],[75.4621,16.6226],[75.4378,16.6979],[75.4883,16.6945],[75.4918,16.7456],[75.426,16.7679],[75.3865,16.7607],[75.3787,16.8227],[75.3949,16.8631],[75.3361,16.869],[75.3348,16.9178],[75.3416,16.9562],[75.3918,16.98],[75.4279,16.9665],[75.4656,16.9884],[75.4891,16.9444],[75.5293,16.9694],[75.5677,16.9657],[75.5672,17.009],[75.6069,17.0046],[75.6079,16.971],[75.6339,16.9703],[75.6421,16.9546],[75.6766,16.9679],[75.6697,17.0382],[75.641,17.0376],[75.6767,17.0654],[75.6723,17.116],[75.6503,17.1157],[75.6254,17.174],[75.6619,17.2146],[75.6577,17.2632],[75.6037,17.3055],[75.61,17.345],[75.5808,17.3512],[75.5741,17.3833],[75.6135,17.3919],[75.6066,17.4204],[75.633,17.4772],[75.6759,17.4559],[75.6907,17.4095],[75.7336,17.4201],[75.7929,17.3697],[75.8137,17.3728],[75.8214,17.4212],[75.8511,17.4105],[75.8609,17.3856],[75.8842,17.418],[75.8906,17.3565],[75.9308,17.3226],[76.0115,17.353],[76.0616,17.3549],[76.0658,17.3097],[76.0998,17.2898],[76.0884,17.257],[76.1275,17.245],[76.1881,17.1864],[76.2205,17.1854],[76.2426,17.1508],[76.3622,17.185],[76.36,17.1403],[76.3949,17.1418],[76.3623,17.116],[76.3904,17.0971],[76.388,17.0726],[76.4294,17.0996],[76.4404,16.9968],[76.4366,16.9817],[76.4004,16.9771],[76.3991,16.9353],[76.4279,16.9274],[76.4341,16.9433],[76.4585,16.9279],[76.4653,16.9027],[76.4336,16.8976],[76.4332,16.8818],[76.471,16.8388],[76.3743,16.8588],[76.3537,16.8299],[76.3531,16.8195],[76.4137,16.8134],[76.4102,16.7988],[76.3774,16.8017],[76.3709,16.7686],[76.4361,16.7645],[76.4404,16.742],[76.4226,16.7169],[76.4594,16.7233],[76.462,16.7083],[76.4253,16.6955],[76.4034,16.6487],[76.434,16.5188],[76.4348,16.4359],[76.3321,16.427],[76.3346,16.3934],[76.3105,16.3967],[76.3054,16.3829],[76.3142,16.3454],[76.2916,16.3324],[76.2996,16.2832],[76.3478,16.2777],[76.3528,16.2354],[76.3315,16.194],[76.2971,16.1847],[76.2755,16.1514],[76.172,16.1849],[76.1374,16.1816],[76.0631,16.2105],[76.0653,16.2621],[76.0264,16.3007],[75.956,16.2972],[75.8103,16.3703],[75.7208,16.391],[75.6328,16.4443],[75.5994,16.4465],[75.5698,16.4118],[75.5522,16.4559],[75.5314,16.4662],[75.4991,16.4536],[75.4964,16.4261]]]}},{"type":"Feature","properties":{"state":"KARNATAKA","district":"Yadgir"},"geometry":{"type":"Polygon","coordinates":[[[76.4782,16.2922],[76.3315,16.194],[76.3528,16.2354],[76.3478,16.2777],[76.2996,16.2832],[76.2916,16.3324],[76.3142,16.3454],[76.3054,16.3829],[76.3105,16.3967],[76.3346,16.3934],[76.3321,16.427],[76.4348,16.4359],[76.434,16.5188],[76.4034,16.6464],[76.4411,16.7087],[76.5029,16.723],[76.5164,16.7511],[76.6009,16.7672],[76.6236,16.7655],[76.623,16.7425],[76.6587,16.7251],[76.6608,16.767],[76.702,16.793],[76.7349,16.7787],[76.7289,16.7539],[76.7437,16.751],[76.7447,16.8159],[76.7599,16.8441],[76.7889,16.8373],[76.8164,16.8737],[76.8413,16.8664],[76.8705,16.8959],[76.9015,16.8926],[76.9206,16.87],[76.9017,16.8547],[76.9107,16.8166],[76.9444,16.8311],[76.9906,16.8122],[76.9799,16.8614],[77.0414,16.87],[77.0176,16.8986],[77.0195,16.9274],[77.0411,16.923],[77.0639,16.954],[77.072,16.9394],[77.0877,16.9445],[77.0947,16.9062],[77.1602,16.9156],[77.1656,16.9389],[77.184,16.9424],[77.1961,16.9268],[77.2114,16.9449],[77.263,16.9282],[77.3417,16.9342],[77.3765,16.8946],[77.4065,16.9019],[77.4111,16.8747],[77.4604,16.8848],[77.4571,16.8302],[77.4765,16.7884],[77.4395,16.7891],[77.426,16.7211],[77.474,16.7166],[77.47,16.6877],[77.4189,16.6686],[77.4343,16.6414],[77.4761,16.6501],[77.4536,16.6167],[77.4678,16.6098],[77.4638,16.5881],[77.3929,16.57],[77.419,16.5489],[77.4191,16.5224],[77.3778,16.5137],[77.369,16.4887],[77.2987,16.4962],[77.294,16.4767],[77.2358,16.4728],[77.2882,16.4087],[77.1733,16.4326],[77.1561,16.4726],[77.0576,16.5198],[77.0132,16.4996],[77.0074,16.55],[76.9798,16.5613],[76.9713,16.5038],[76.9118,16.4849],[76.8707,16.4897],[76.841,16.4304],[76.7855,16.4178],[76.7608,16.4286],[76.6112,16.3416],[76.4782,16.2922]]]}},{"type":"Feature","properties":{"state":"TAMIL NADU","district":"Ariyalur"},"geometry":{"type":"Polygon","coordinates":[[[79.0852,10.927],[79.048,10.8878],[79.0057,10.8936],[79.0019,10.9222],[78.9827,10.9217],[78.9462,10.975],[78.9874,10.9668],[78.9919,11.0014],[79.0123,11.0101],[79.0064,11.0589],[79.0694,11.1089],[79.0551,11.1299],[79.0784,11.1808],[79.0659,11.2044],[79.0934,11.1998],[79.0989,11.2307],[79.1222,11.2487],[79.1093,11.2805],[79.1141,11.2937],[79.1393,11.29],[79.1308,11.3324],[79.1575,11.3384],[79.1508,11.3634],[79.1681,11.3784],[79.226,11.392],[79.2416,11.3696],[79.2586,11.3885],[79.296,11.38],[79.2926,11.4123],[79.3127,11.4185],[79.3684,11.4176],[79.3772,11.3974],[79.3851,11.4092],[79.3952,11.3535],[79.4258,11.3667],[79.4375,11.3338],[79.4983,11.3139],[79.5018,11.2033],[79.4639,11.1705],[79.3989,11.0669],[79.291,11.0144],[79.2222,10.9465],[79.0852,10.927]]]}},{"type":"Feature","properties":{"state":"TAMIL NADU","district":"Chengalpattu"},"geometry":{"type":"Polygon","coordinates":[[[79.7992,12.3374],[79.7503,12.3248],[79.7062,12.3346],[79.6762,12.316],[79.6404,12.3447],[79.6695,12.3938],[79.6978,12.4022],[79.6915,12.4209],[79.7073,12.4151],[79.7178,12.4392],[79.7363,12.4284],[79.7473,12.4841],[79.7207,12.5005],[79.7558,12.5119],[79.7439,12.5319],[79.7537,12.5617],[79.7637,12.5502],[79.8193,12.5655],[79.8053,12.6291],[79.9285,12.6372],[79.9171,12.6962],[79.9528,12.6994],[79.9517,12.7108],[79.8769,12.78],[79.9103,12.7999],[79.9393,12.7834],[79.956,12.7908],[79.9568,12.8253],[80.0094,12.8094],[80.0506,12.839],[80.0602,12.9001],[80.1042,12.9534],[80.0805,12.973],[80.065,12.9583],[80.0476,12.9647],[80.0642,12.9875],[80.0577,13.0075],[80.0803,13.0162],[80.082,13.0411],[80.1231,13.0332],[80.1399,13.0457],[80.169,12.9802],[80.201,12.9585],[80.1879,12.9379],[80.1988,12.9111],[80.2174,12.9106],[80.2129,12.8609],[80.2491,12.8567],[80.2553,12.7839],[80.1504,12.4544],[80.0086,12.2548],[79.9731,12.2334],[79.9214,12.2501],[79.9245,12.2316],[79.885,12.236],[79.8274,12.3129],[79.7992,12.3374]]]}},{"type":"Feature","properties":{"state":"TAMIL NADU","district":"Chennai"},"geometry":{"type":"Polygon","coordinates":[[[80.2,13.0287],[80.1446,13.0243],[80.1344,13.0447],[80.1485,13.0644],[80.1457,13.0399],[80.1603,13.0449],[80.1614,13.0811],[80.1404,13.0986],[80.1458,13.1394],[80.1771,13.1396],[80.1996,13.1812],[80.2159,13.1723],[80.2228,13.1998],[80.2704,13.2033],[80.2753,13.2293],[80.3033,13.2128],[80.3332,13.2353],[80.2678,12.9751],[80.2434,12.9839],[80.2163,12.9674],[80.2108,13.0089],[80.2,13.0287]]]}},{"type":"Feature","properties":{"state":"TAMIL NADU","district":"Coimbatore"},"geometry":{"type":"Polygon","coordinates":[[[76.8303,10.3036],[76.8488,10.3682],[76.8164,10.4235],[76.8431,10.5373],[76.8384,10.596],[76.8101,10.6242],[76.8142,10.6359],[76.8825,10.6397],[76.8676,10.6948],[76.8929,10.7215],[76.9072,10.7827],[76.9007,10.8073],[76.8482,10.8188],[76.8538,10.839],[76.8283,10.8719],[76.7408,10.891],[76.6591,10.9305],[76.7109,11.0387],[76.7666,11.0291],[76.8009,11.054],[76.7782,11.0421],[76.7461,11.0548],[76.7483,11.1358],[76.7288,11.1305],[76.6897,11.1592],[76.7002,11.1818],[76.729,11.191],[76.7318,11.2137],[76.7002,11.2586],[76.7371,11.2446],[76.7677,11.2641],[76.7691,11.2896],[76.7903,11.2791],[76.807,11.2992],[76.8427,11.2874],[76.86,11.3036],[76.8498,11.3426],[76.8892,11.3654],[76.9027,11.3508],[76.9326,11.3561],[76.9501,11.3658],[76.9334,11.3764],[76.9661,11.3861],[77.0136,11.3688],[77.0454,11.4025],[77.0704,11.4025],[77.0705,11.3861],[77.1103,11.4064],[77.1519,11.3297],[77.1506,11.3063],[77.1263,11.308],[77.1184,11.2918],[77.1701,11.2833],[77.145,11.2072],[77.161,11.168],[77.1823,11.1619],[77.1732,11.1382],[77.1896,11.1505],[77.2251,11.125],[77.2422,11.138],[77.2646,11.1106],[77.1684,11.0673],[77.1753,11.0158],[77.1538,10.9983],[77.1818,10.9206],[77.211,10.9023],[77.2481,10.9047],[77.2984,10.8115],[77.2782,10.8027],[77.2839,10.7866],[77.2541,10.7764],[77.2144,10.7856],[77.2153,10.8035],[77.1718,10.8022],[77.1341,10.7501],[77.1451,10.6599],[77.1815,10.6425],[77.1663,10.5872],[77.0906,10.5841],[77.0809,10.5719],[77.0783,10.5022],[77.0585,10.4791],[77.0732,10.4595],[77.0418,10.4264],[77.0871,10.3774],[77.0782,10.3374],[77.0914,10.3139],[77.0429,10.2838],[77.0511,10.2621],[76.9824,10.2201],[76.9134,10.2345],[76.8734,10.2763],[76.8731,10.2985],[76.8487,10.2853],[76.8303,10.3036]]]}},{"type":"Feature","properties":{"state":"TAMIL NADU","district":"Cuddalore"},"geometry":{"type":"MultiPolygon","coordinates":[[[[79.2919,11.4093],[79.296,11.38],[79.2586,11.3885],[79.2416,11.3696],[79.2302,11.392],[79.1766,11.374],[79.1059,11.4017],[79.0324,11.3936],[78.9621,11.4055],[78.8776,11.5075],[78.9049,11.5053],[78.9238,11.5671],[79.0044,11.5746],[79.0184,11.6067],[79.0492,11.5857],[79.0779,11.5969],[79.0675,11.6302],[79.0841,11.6343],[79.1358,11.589],[79.1565,11.5982],[79.1837,11.586],[79.21,11.6337],[79.2356,11.6293],[79.2487,11.6524],[79.3087,11.6327],[79.3323,11.661],[79.3598,11.6599],[79.3769,11.6791],[79.4443,11.666],[79.4285,11.7312],[79.4628,11.7432],[79.4638,11.7672],[79.4306,11.7785],[79.4435,11.81],[79.4683,11.7992],[79.4827,11.8119],[79.4805,11.8372],[79.4515,11.8491],[79.4551,11.8715],[79.5908,11.8415],[79.6368,11.8005],[79.6682,11.8106],[79.6814,11.7962],[79.6853,11.832],[79.7031,11.8319],[79.6847,11.886],[79.71,11.8892],[79.7171,11.8549],[79.7397,11.8646],[79.7431,11.8483],[79.7685,11.8759],[79.7724,11.8366],[79.7817,11.8558],[79.8027,11.854],[79.7975,11.8246],[79.7678,11.8227],[79.7367,11.8442],[79.7357,11.8093],[79.7124,11.7915],[79.7551,11.7752],[79.7659,11.7918],[79.7959,11.7857],[79.757,11.557],[79.8114,11.4303],[79.8034,11.3811],[79.7644,11.382],[79.7593,11.3526],[79.651,11.2999],[79.647,11.2493],[79.6164,11.2555],[79.5983,11.2182],[79.4587,11.1506],[79.5102,11.2281],[79.4952,11.2484],[79.4983,11.3139],[79.4375,11.3338],[79.4258,11.3667],[79.3952,11.3535],[79.3941,11.4017],[79.3798,11.4105],[79.384,11.3971],[79.3733,11.3985],[79.37,11.417],[79.2919,11.4093]],[[79.696,11.8604],[79.6998,11.8739],[79.6972,11.8741],[79.696,11.8604]],[[79.693,11.8137],[79.702,11.8229],[79.6946,11.823],[79.693,11.8137]]],[[[79.7924,11.8768],[79.7783,11.8632],[79.7698,11.9028],[79.7965,11.8999],[79.7924,11.8768]],[[79.7929,11.8835],[79.7916,11.885],[79.7912,11.8839],[79.7929,11.8835]],[[79.789,11.895],[79.791,11.8953],[79.7893,11.8958],[79.789,11.895]]]]}},{"type":"Feature","properties":{"state":"TAMIL NADU","district":"Dharmapuri"},"geometry":{"type":"Polygon","coordinates":[[[77.9783,11.897],[77.8671,11.9157],[77.8477,11.8943],[77.762,11.91],[77.7384,11.9398],[77.6902,11.9421],[77.674,11.9625],[77.7089,12.036],[77.7764,12.1123],[77.7467,12.1558],[77.7724,12.172],[77.7939,12.1477],[77.8145,12.2342],[77.8677,12.2658],[77.8672,12.3302],[77.9485,12.3366],[77.9709,12.4127],[77.9451,12.4494],[77.9282,12.4452],[77.9345,12.4694],[77.9001,12.499],[77.9089,12.5127],[77.9424,12.5137],[77.9589,12.4839],[77.9858,12.5098],[78.0118,12.5028],[78.0271,12.4597],[78.0491,12.4756],[78.0801,12.4489],[78.1181,12.4547],[78.1425,12.4272],[78.1278,12.4023],[78.1349,12.3819],[78.1667,12.3629],[78.1736,12.3372],[78.2052,12.3291],[78.2362,12.3479],[78.2473,12.3328],[78.232,12.3022],[78.2582,12.2945],[78.2675,12.2634],[78.3022,12.274],[78.3526,12.2473],[78.3549,12.2261],[78.4031,12.2239],[78.3744,12.1953],[78.4464,12.1911],[78.4719,12.1728],[78.4653,12.1467],[78.5064,12.1429],[78.5165,12.1772],[78.5738,12.1937],[78.5825,12.1623],[78.6211,12.1842],[78.6473,12.164],[78.6303,12.1308],[78.6572,12.125],[78.6612,12.1025],[78.7376,12.1339],[78.7452,12.1239],[78.6977,11.9925],[78.7171,11.9841],[78.7044,11.94],[78.7237,11.9194],[78.7082,11.8979],[78.6346,11.8883],[78.5958,11.8228],[78.5468,11.807],[78.4554,11.8264],[78.4351,11.8547],[78.4415,11.8683],[78.4144,11.8801],[78.3512,11.7929],[78.315,11.7811],[78.3676,11.8806],[78.3531,11.8942],[78.3598,11.9096],[78.3091,11.8812],[78.3264,11.8996],[78.3244,11.9301],[78.2801,11.8996],[78.269,11.9003],[78.2908,11.9321],[78.2579,11.9124],[78.2728,11.9379],[78.257,11.9402],[78.2358,11.918],[78.2533,11.9511],[78.2349,11.9793],[78.039,11.9363],[77.9783,11.897]]]}},{"type":"Feature","properties":{"state":"TAMIL NADU","district":"Dindigul"},"geometry":{"type":"Polygon","coordinates":[[[77.5469,10.1835],[77.4656,10.1288],[77.4276,10.1361],[77.3954,10.1628],[77.3721,10.1393],[77.3603,10.151],[77.3237,10.1276],[77.3025,10.136],[77.2666,10.1193],[77.2968,10.2527],[77.3105,10.2463],[77.3251,10.2701],[77.3513,10.2733],[77.3265,10.3211],[77.3366,10.3541],[77.3157,10.3557],[77.32,10.434],[77.3323,10.4546],[77.3851,10.449],[77.3785,10.4939],[77.4017,10.4988],[77.4057,10.5221],[77.378,10.5259],[77.368,10.5467],[77.4017,10.6134],[77.4825,10.65],[77.5046,10.6426],[77.5083,10.607],[77.5428,10.6098],[77.5801,10.6791],[77.6557,10.6734],[77.6647,10.7163],[77.6936,10.7352],[77.7087,10.6863],[77.6985,10.6624],[77.7205,10.6312],[77.7888,10.6852],[77.8177,10.6794],[77.813,10.6482],[77.8307,10.6328],[77.8723,10.6312],[77.909,10.657],[77.9778,10.6398],[77.9698,10.6725],[78.0055,10.6755],[78.0152,10.7196],[77.9982,10.7428],[77.9313,10.7366],[77.9392,10.7684],[77.9833,10.7595],[78.0278,10.7815],[78.0569,10.7636],[78.0699,10.7757],[78.0981,10.7669],[78.1051,10.805],[78.1491,10.8039],[78.1586,10.8328],[78.176,10.8351],[78.1771,10.8227],[78.1866,10.833],[78.1516,10.7405],[78.1451,10.6767],[78.1654,10.6137],[78.1362,10.5968],[78.1327,10.5751],[78.2,10.5467],[78.1734,10.5037],[78.1917,10.5009],[78.2065,10.474],[78.3151,10.4395],[78.2772,10.3832],[78.3378,10.3255],[78.3287,10.2284],[78.2597,10.1614],[78.2598,10.1542],[78.2697,10.1513],[78.2619,10.159],[78.2814,10.1669],[78.2843,10.1486],[78.2604,10.0859],[78.2029,10.0669],[78.204,10.0793],[78.1702,10.0925],[78.1563,10.1073],[78.1612,10.1545],[78.1306,10.1875],[78.02,10.1845],[77.9841,10.1366],[77.9336,10.1136],[77.9313,10.0903],[77.9465,10.0836],[77.9254,10.091],[77.9196,10.0719],[77.891,10.0781],[77.8748,10.0616],[77.8476,10.0754],[77.7636,10.0559],[77.7172,10.0181],[77.7025,10.1027],[77.6686,10.1224],[77.6764,10.1446],[77.7295,10.1314],[77.7293,10.1591],[77.7013,10.1952],[77.71,10.2063],[77.7065,10.2159],[77.6644,10.1888],[77.6222,10.2187],[77.5697,10.1813],[77.549,10.2042],[77.5469,10.1835]]]}},{"type":"Feature","properties":{"state":"TAMIL NADU","district":"Erode"},"geometry":{"type":"MultiPolygon","coordinates":[[[[77.1768,11.3373],[77.1825,11.3138],[77.1381,11.34],[77.11,11.4064],[77.0705,11.3861],[77.0704,11.4025],[77.0454,11.4025],[77.0136,11.3688],[76.9575,11.3811],[76.981,11.4013],[76.9829,11.4404],[77.0114,11.441],[76.9993,11.4752],[76.9718,11.4677],[76.9353,11.4822],[76.9451,11.5193],[76.9274,11.5333],[76.8663,11.5196],[76.8631,11.5441],[76.8304,11.5719],[76.8581,11.614],[76.835,11.6554],[76.8883,11.7336],[76.908,11.7952],[76.9539,11.7921],[76.9699,11.7769],[76.9821,11.8115],[77.0129,11.8146],[77.0387,11.7938],[77.0289,11.7747],[77.0629,11.7904],[77.0564,11.7698],[77.0802,11.736],[77.1177,11.7211],[77.1107,11.7735],[77.2386,11.7947],[77.2499,11.813],[77.2939,11.809],[77.3351,11.7712],[77.3648,11.7904],[77.3945,11.7876],[77.4222,11.7724],[77.419,11.7292],[77.4432,11.7166],[77.4397,11.6737],[77.454,11.6661],[77.4385,11.6359],[77.4586,11.6066],[77.4447,11.5614],[77.4856,11.5498],[77.5128,11.5919],[77.5287,11.5863],[77.5643,11.6609],[77.5767,11.6525],[77.5784,11.6853],[77.6107,11.6522],[77.6184,11.6762],[77.6343,11.664],[77.7098,11.7976],[77.7222,11.7951],[77.691,11.7185],[77.6955,11.6396],[77.7456,11.6546],[77.7765,11.6957],[77.7359,11.6013],[77.7462,11.5706],[77.7241,11.5367],[77.7324,11.5117],[77.6991,11.477],[77.6837,11.4195],[77.7508,11.3542],[77.8077,11.2676],[77.8642,11.2433],[77.8615,11.1857],[77.8843,11.1559],[77.8877,11.0874],[77.9326,11.0685],[77.8708,11.0233],[77.8189,11.0698],[77.7752,11.0583],[77.6384,11.1242],[77.5033,11.1069],[77.4989,11.1466],[77.4832,11.14],[77.4851,11.1608],[77.4697,11.1648],[77.4763,11.1849],[77.5123,11.183],[77.5169,11.2056],[77.499,11.2056],[77.5002,11.2268],[77.4653,11.2523],[77.4691,11.2701],[77.4526,11.3132],[77.4175,11.3103],[77.3632,11.3415],[77.3661,11.3171],[77.3338,11.3151],[77.3487,11.2859],[77.3313,11.2568],[77.2956,11.2728],[77.3144,11.282],[77.2863,11.2924],[77.2889,11.3437],[77.2163,11.2978],[77.202,11.3041],[77.2365,11.3141],[77.2215,11.3402],[77.2341,11.352],[77.1768,11.3373]],[[77.0012,11.5136],[77.0046,11.517],[76.9997,11.5159],[77.0012,11.5136]],[[76.9548,11.5529],[76.9487,11.5516],[76.9536,11.547],[76.9548,11.5529]]],[[[77.5015,11.7452],[77.4574,11.678],[77.4646,11.7422],[77.4804,11.7392],[77.5307,11.7784],[77.5321,11.8485],[77.5447,11.8371],[77.5419,11.8015],[77.6163,11.7863],[77.636,11.7415],[77.627,11.727],[77.6141,11.7655],[77.5907,11.7733],[77.596,11.7498],[77.5716,11.7114],[77.5571,11.7665],[77.5388,11.7393],[77.5252,11.7523],[77.5015,11.7452]]],[[[77.549,11.641],[77.5407,11.6398],[77.5438,11.6444],[77.549,11.641]]],[[[77.5553,11.6694],[77.5564,11.661],[77.5523,11.6638],[77.5553,11.6694]]],[[[77.5515,11.8161],[77.5556,11.8221],[77.5575,11.8198],[77.5515,11.8161]]]]}},{"type":"Feature","properties":{"state":"TAMIL NADU","district":"Kallakurichi"},"geometry":{"type":"Polygon","coordinates":[[[78.8209,11.5427],[78.8293,11.5782],[78.7753,11.606],[78.7898,11.6289],[78.7736,11.6366],[78.8065,11.6613],[78.8046,11.6882],[78.7806,11.7033],[78.6932,11.6893],[78.6801,11.6436],[78.6459,11.6604],[78.6432,11.7683],[78.6922,11.8039],[78.6952,11.8512],[78.6277,11.873],[78.6346,11.8883],[78.7082,11.8979],[78.7239,11.9197],[78.7044,11.94],[78.7181,11.9875],[78.7575,12.0116],[78.912,12.0054],[78.9448,12.031],[78.9581,12.0683],[78.9885,12.0551],[78.995,12.0676],[79.0315,12.0644],[79.0229,12.0501],[79.0525,12.0365],[79.0688,12.0525],[79.063,12.0699],[79.0865,12.0811],[79.0985,12.0661],[79.0789,12.0315],[79.1254,12.0188],[79.1475,12.0441],[79.1726,12.0305],[79.1684,11.9922],[79.1847,11.9728],[79.2926,11.9441],[79.3081,11.9204],[79.3788,11.918],[79.4551,11.8715],[79.4515,11.8491],[79.4808,11.8368],[79.4799,11.8075],[79.4435,11.81],[79.4306,11.7785],[79.4638,11.7672],[79.4628,11.7432],[79.4285,11.7312],[79.4443,11.666],[79.3769,11.6791],[79.3598,11.6599],[79.3323,11.661],[79.3087,11.6327],[79.2487,11.6524],[79.2356,11.6293],[79.21,11.6337],[79.1837,11.586],[79.1565,11.5982],[79.1358,11.589],[79.0841,11.6343],[79.0675,11.6302],[79.0779,11.5969],[79.055,11.5864],[79.0184,11.6067],[79.0044,11.5746],[78.9238,11.5671],[78.9049,11.5053],[78.8209,11.5427]]]}},{"type":"Feature","properties":{"state":"TAMIL NADU","district":"Kanchipuram"},"geometry":{"type":"MultiPolygon","coordinates":[[[[79.7246,12.5874],[79.6457,12.6031],[79.6312,12.6383],[79.6466,12.6704],[79.6825,12.668],[79.7415,12.6944],[79.7365,12.7193],[79.7132,12.7283],[79.7448,12.7439],[79.6775,12.7902],[79.6545,12.7642],[79.6353,12.7864],[79.6383,12.8148],[79.5563,12.8523],[79.5675,12.8988],[79.6631,12.9304],[79.6589,12.9506],[79.7967,13.0277],[79.8011,13.0149],[79.8266,13.0304],[79.8305,12.997],[79.813,12.9903],[79.8212,12.962],[79.8904,12.9451],[79.914,12.9789],[79.8892,12.9937],[79.9423,13.0013],[79.9004,13.017],[79.9007,13.0495],[79.949,13.0327],[79.9865,13.0562],[79.9802,13.0325],[79.9946,13.0467],[80.0222,13.0409],[80.0279,13.0198],[80.0711,13.0374],[80.0798,13.0162],[80.0585,13.0089],[80.0635,12.9846],[80.0476,12.9647],[80.065,12.9583],[80.0805,12.973],[80.1042,12.9534],[80.0602,12.9001],[80.0511,12.8396],[80.0094,12.8094],[79.9568,12.8253],[79.96,12.7975],[79.9393,12.7834],[79.9117,12.8],[79.8769,12.78],[79.9517,12.7108],[79.9528,12.6994],[79.9171,12.6962],[79.9282,12.6368],[79.8053,12.6291],[79.8193,12.5655],[79.7637,12.5502],[79.7537,12.5617],[79.7439,12.5319],[79.7057,12.5695],[79.7246,12.5874]]],[[[80.2495,12.8591],[80.2129,12.8609],[80.2174,12.9106],[80.1988,12.9111],[80.1879,12.9379],[80.201,12.9585],[80.169,12.9802],[80.1446,13.0243],[80.2,13.0287],[80.2042,12.983],[80.2212,12.9651],[80.2434,12.9839],[80.2678,12.9751],[80.2495,12.8591]]]]}},{"type":"Feature","properties":{"state":"TAMIL NADU","district":"Kanniyakumari"},"geometry":{"type":"Polygon","coordinates":[[[77.3158,8.1218],[77.0961,8.2932],[77.1398,8.3299],[77.1806,8.3235],[77.1669,8.3427],[77.1743,8.3586],[77.153,8.3551],[77.1513,8.3849],[77.1817,8.3958],[77.2066,8.4447],[77.2281,8.4473],[77.2024,8.5012],[77.2143,8.5128],[77.2401,8.4971],[77.2622,8.5065],[77.2838,8.5467],[77.2743,8.5596],[77.275,8.5656],[77.2707,8.5717],[77.2698,8.5794],[77.3508,8.5464],[77.3744,8.5181],[77.4387,8.5072],[77.4451,8.4748],[77.4723,8.4553],[77.4616,8.4285],[77.4732,8.3974],[77.4915,8.3791],[77.534,8.3909],[77.542,8.3353],[77.5309,8.3187],[77.5767,8.2442],[77.5453,8.2402],[77.5529,8.1918],[77.5377,8.1694],[77.5886,8.1421],[77.5588,8.1193],[77.5642,8.0921],[77.5325,8.0777],[77.3158,8.1218]]]}},{"type":"Feature","properties":{"state":"TAMIL NADU","district":"Karur"},"geometry":{"type":"Polygon","coordinates":[[[77.9778,10.6398],[77.909,10.657],[77.872,10.6313],[77.813,10.6482],[77.8082,10.694],[77.8271,10.7497],[77.7711,10.7672],[77.7778,10.7896],[77.7985,10.8058],[77.8711,10.7717],[77.8929,10.7815],[77.8714,10.7954],[77.8669,10.8441],[77.8362,10.8354],[77.7889,10.8861],[77.7749,10.8712],[77.7608,10.9016],[77.77,10.9618],[77.7502,10.9765],[77.7897,11.0188],[77.7796,11.063],[77.8189,11.0698],[77.8708,11.0233],[77.9923,11.0967],[78.0548,11.074],[78.1017,11.0755],[78.16,11.0224],[78.1979,10.9615],[78.4012,10.9613],[78.4894,10.9065],[78.4712,10.8863],[78.4906,10.8951],[78.5506,10.8776],[78.5878,10.8286],[78.545,10.7961],[78.5717,10.775],[78.5654,10.7345],[78.5135,10.6949],[78.4706,10.7037],[78.4679,10.6885],[78.4074,10.6739],[78.3778,10.726],[78.345,10.7215],[78.3419,10.7052],[78.2925,10.7018],[78.2835,10.7459],[78.2627,10.579],[78.2328,10.5506],[78.2,10.5467],[78.1327,10.5751],[78.1362,10.5968],[78.1654,10.6137],[78.1451,10.6767],[78.1858,10.8337],[78.1799,10.8228],[78.1586,10.8328],[78.1491,10.8039],[78.1051,10.805],[78.0981,10.7669],[78.0699,10.7757],[78.0569,10.7636],[78.0278,10.7815],[77.9833,10.7595],[77.9392,10.7684],[77.9313,10.7366],[77.9982,10.7428],[78.0152,10.7196],[78.0055,10.6755],[77.9698,10.6725],[77.9778,10.6398]]]}},{"type":"Feature","properties":{"state":"TAMIL NADU","district":"Krishnagiri"},"geometry":{"type":"Polygon","coordinates":[[[77.7267,12.1817],[77.6108,12.2061],[77.4927,12.1973],[77.472,12.2079],[77.4735,12.2556],[77.4876,12.2805],[77.5513,12.2912],[77.6168,12.3682],[77.6346,12.4876],[77.6261,12.4963],[77.6074,12.4751],[77.5837,12.4788],[77.6163,12.5092],[77.5872,12.5148],[77.5803,12.5516],[77.591,12.6152],[77.6062,12.6289],[77.5989,12.6672],[77.6599,12.6838],[77.6764,12.6795],[77.6787,12.6604],[77.7042,12.6614],[77.7116,12.6831],[77.7399,12.673],[77.7375,12.6977],[77.7618,12.6976],[77.7745,12.7242],[77.7633,12.7369],[77.7934,12.7494],[77.7788,12.7678],[77.8085,12.7967],[77.7991,12.8515],[77.9293,12.8909],[77.9277,12.8749],[77.9418,12.8716],[77.9206,12.8282],[77.9407,12.8233],[77.94,12.8531],[77.9523,12.8571],[77.9885,12.8082],[78.0098,12.8057],[78.0039,12.8256],[78.029,12.8452],[78.0239,12.8565],[78.0578,12.8521],[78.1342,12.782],[78.231,12.7607],[78.2408,12.7295],[78.2072,12.7082],[78.201,12.6917],[78.2377,12.6858],[78.2446,12.7063],[78.2711,12.7051],[78.301,12.6659],[78.3703,12.6276],[78.4119,12.6276],[78.4155,12.4882],[78.4556,12.4285],[78.4358,12.3938],[78.4901,12.3869],[78.4961,12.4121],[78.5675,12.389],[78.5845,12.3606],[78.6172,12.3473],[78.5883,12.3128],[78.6095,12.3098],[78.6036,12.2628],[78.6415,12.2822],[78.6352,12.2612],[78.6508,12.2402],[78.6886,12.2219],[78.6697,12.1975],[78.6407,12.1977],[78.6329,12.1766],[78.6123,12.1825],[78.5825,12.1623],[78.5715,12.1935],[78.5165,12.1772],[78.5064,12.1429],[78.4653,12.1467],[78.4719,12.1728],[78.4464,12.1911],[78.3744,12.1953],[78.4031,12.2239],[78.3549,12.2261],[78.3526,12.2473],[78.3022,12.274],[78.2675,12.2634],[78.2582,12.2945],[78.232,12.3022],[78.2473,12.3328],[78.2362,12.3479],[78.2052,12.3291],[78.1736,12.3372],[78.1667,12.3629],[78.1349,12.3819],[78.1278,12.4023],[78.1425,12.4272],[78.1181,12.4547],[78.0801,12.4489],[78.0491,12.4756],[78.0271,12.4597],[78.0118,12.5028],[77.9858,12.5098],[77.9589,12.4839],[77.9424,12.5137],[77.9089,12.5127],[77.9001,12.499],[77.9345,12.4694],[77.9282,12.4452],[77.9451,12.4494],[77.9709,12.4127],[77.9485,12.3366],[77.8672,12.3302],[77.8677,12.2658],[77.8145,12.2342],[77.7939,12.1477],[77.7724,12.172],[77.7467,12.1558],[77.7267,12.1817]]]}},{"type":"Feature","properties":{"state":"TAMIL NADU","district":"Madurai"},"geometry":{"type":"Polygon","coordinates":[[[77.7726,9.6428],[77.76,9.6827],[77.7101,9.7054],[77.6812,9.6767],[77.6288,9.7047],[77.5519,9.6444],[77.5373,9.6598],[77.4981,9.5752],[77.4754,9.5631],[77.4641,9.579],[77.6179,9.81],[77.6185,9.8584],[77.6541,9.9186],[77.6674,9.9133],[77.679,9.9328],[77.6732,9.9618],[77.6924,9.9691],[77.6979,10.0173],[77.8056,10.0676],[77.8606,10.0751],[77.8748,10.0616],[77.891,10.0781],[77.9196,10.0719],[77.9254,10.091],[77.9465,10.0836],[77.9313,10.0903],[77.9336,10.1136],[77.9841,10.1366],[78.02,10.1845],[78.1431,10.1824],[78.1702,10.0925],[78.204,10.0793],[78.2029,10.0669],[78.2589,10.0853],[78.2843,10.1486],[78.2814,10.1669],[78.2619,10.159],[78.2697,10.1513],[78.2598,10.1542],[78.2597,10.1614],[78.3287,10.2284],[78.3255,10.2833],[78.3399,10.2887],[78.3294,10.2984],[78.3633,10.2937],[78.3787,10.3101],[78.3906,10.3022],[78.3867,10.2703],[78.424,10.2711],[78.4251,10.2586],[78.3928,10.2437],[78.4125,10.2131],[78.3947,10.1715],[78.413,10.1607],[78.4017,10.1386],[78.4255,10.1221],[78.4327,10.1351],[78.4736,10.1219],[78.4564,10.0992],[78.4619,10.0716],[78.4277,10.053],[78.4561,10.0181],[78.4566,9.9685],[78.3889,9.9522],[78.372,9.9623],[78.3703,9.9346],[78.3171,9.9262],[78.3096,9.8653],[78.2503,9.8737],[78.267,9.8562],[78.2584,9.8342],[78.2392,9.8453],[78.2487,9.8602],[78.2087,9.8755],[78.1513,9.8747],[78.1508,9.8522],[78.125,9.8546],[78.1278,9.8141],[78.1691,9.8309],[78.1934,9.8066],[78.1759,9.7722],[78.1599,9.7746],[78.1723,9.797],[78.1409,9.8092],[78.137,9.7617],[78.1045,9.7864],[78.088,9.7789],[78.1011,9.7551],[78.0671,9.7529],[78.0878,9.6834],[78.0781,9.6609],[78.0406,9.6785],[78.0146,9.6395],[78.0007,9.6503],[77.9753,9.6296],[77.9526,9.6496],[77.9232,9.6476],[77.9007,9.6265],[77.8914,9.6423],[77.8489,9.6504],[77.8419,9.6353],[77.7726,9.6428]]]}},{"type":"Feature","properties":{"state":"TAMIL NADU","district":"Mayiladuthurai"},"geometry":{"type":"Polygon","coordinates":[[[79.5285,10.9596],[79.5096,10.9856],[79.5473,11.0007],[79.5231,11.0088],[79.5301,11.0268],[79.5118,11.0275],[79.5109,11.0421],[79.5526,11.0778],[79.5471,11.1047],[79.5361,11.1029],[79.5728,11.148],[79.5267,11.1837],[79.6026,11.2214],[79.6164,11.2555],[79.647,11.2493],[79.6503,11.2993],[79.7593,11.3526],[79.7644,11.382],[79.8034,11.3811],[79.8129,11.4227],[79.8426,11.3507],[79.8538,10.9832],[79.8401,11.0016],[79.8155,11.0039],[79.7978,10.9825],[79.7861,10.9974],[79.7318,10.9948],[79.671,11.0173],[79.641,11.008],[79.6306,10.9802],[79.5782,10.9828],[79.5285,10.9596]]]}},{"type":"Feature","properties":{"state":"TAMIL NADU","district":"Nagapattinam"},"geometry":{"type":"Polygon","coordinates":[[[79.6388,10.3423],[79.6308,10.4455],[79.6902,10.4499],[79.6772,10.4807],[79.6994,10.4834],[79.6884,10.5104],[79.7003,10.5061],[79.7267,10.5361],[79.7103,10.5537],[79.6596,10.5592],[79.6872,10.5836],[79.6693,10.5852],[79.6557,10.6129],[79.6736,10.6244],[79.6501,10.6521],[79.6667,10.6504],[79.6779,10.6811],[79.6523,10.7068],[79.6872,10.7159],[79.7037,10.7834],[79.7319,10.8022],[79.7276,10.8292],[79.6861,10.8297],[79.6866,10.8161],[79.659,10.8174],[79.6572,10.8058],[79.6313,10.8227],[79.6528,10.8246],[79.642,10.8571],[79.6686,10.9143],[79.6848,10.9283],[79.7144,10.9137],[79.7187,10.9315],[79.7624,10.9144],[79.7563,10.8918],[79.7893,10.9084],[79.7837,10.8885],[79.8277,10.8845],[79.8113,10.8803],[79.8249,10.8648],[79.8079,10.8556],[79.8281,10.8497],[79.8311,10.8274],[79.8525,10.8272],[79.8533,10.6794],[79.841,10.6763],[79.8533,10.6765],[79.8804,10.3047],[79.8603,10.2824],[79.8168,10.2758],[79.8133,10.2887],[79.8139,10.2756],[79.7801,10.2725],[79.7834,10.2961],[79.7487,10.3144],[79.7778,10.2725],[79.7118,10.2794],[79.7209,10.288],[79.6388,10.3423]],[[79.739,10.9212],[79.7398,10.9201],[79.7395,10.9214],[79.739,10.9212]],[[79.8061,10.8796],[79.81,10.8784],[79.8098,10.8804],[79.8061,10.8796]]]}},{"type":"Feature","properties":{"state":"TAMIL NADU","district":"Namakkal"},"geometry":{"type":"Polygon","coordinates":[[[77.9519,11.0667],[77.8877,11.0874],[77.8843,11.1559],[77.8615,11.1857],[77.8648,11.2424],[77.8077,11.2676],[77.7508,11.3542],[77.6852,11.4165],[77.6966,11.4644],[77.7421,11.4458],[77.761,11.451],[77.7727,11.4828],[77.7962,11.4473],[77.8143,11.4576],[77.8082,11.4688],[77.8298,11.4699],[77.82,11.4461],[77.8499,11.4346],[77.8525,11.4151],[77.8767,11.4136],[77.9109,11.4222],[77.9157,11.4587],[77.9719,11.4682],[77.9777,11.5306],[78.0347,11.5286],[78.054,11.5134],[78.0789,11.524],[78.0831,11.5541],[78.1606,11.5388],[78.2074,11.5645],[78.2662,11.5598],[78.2719,11.5787],[78.3032,11.5888],[78.3193,11.5785],[78.3073,11.5646],[78.3295,11.5585],[78.3101,11.5412],[78.3285,11.5313],[78.3745,11.5885],[78.3829,11.5752],[78.4516,11.5971],[78.4543,11.5423],[78.4734,11.52],[78.4618,11.4949],[78.4329,11.4954],[78.4259,11.4709],[78.458,11.4388],[78.427,11.3849],[78.4899,11.4137],[78.4596,11.3426],[78.4469,11.3448],[78.4654,11.3133],[78.4219,11.2117],[78.3812,11.187],[78.3806,11.1374],[78.3461,11.138],[78.3434,11.1122],[78.324,11.0972],[78.3634,11.0651],[78.3446,11.0262],[78.3239,11.0579],[78.2909,11.0772],[78.2655,11.0703],[78.2387,11.0945],[78.2289,11.0546],[78.2018,11.0755],[78.1633,11.0491],[78.197,11.0441],[78.1948,11.0221],[78.1702,11.0127],[78.1017,11.0755],[78.0548,11.074],[77.9951,11.0969],[77.9519,11.0667]]]}},{"type":"Feature","properties":{"state":"TAMIL NADU","district":"Perambalur"},"geometry":{"type":"Polygon","coordinates":[[[78.7369,11.0959],[78.7427,11.0755],[78.7202,11.074],[78.7117,11.0556],[78.6758,11.1616],[78.6514,11.1662],[78.6759,11.1953],[78.6988,11.1911],[78.7101,11.249],[78.7512,11.2848],[78.7331,11.3234],[78.6659,11.3173],[78.6612,11.3314],[78.6342,11.3339],[78.6885,11.3772],[78.6632,11.3738],[78.6513,11.4224],[78.6884,11.4355],[78.6997,11.4557],[78.7413,11.4496],[78.7988,11.3842],[78.8228,11.4271],[78.7895,11.4538],[78.7984,11.4819],[78.8097,11.4819],[78.8103,11.5079],[78.8567,11.5235],[78.9621,11.4055],[79.0324,11.3936],[79.1059,11.4017],[79.1681,11.3784],[79.1508,11.3634],[79.1575,11.3384],[79.13,11.331],[79.1393,11.29],[79.111,11.289],[79.1222,11.2487],[79.0989,11.2307],[79.0934,11.1998],[79.0659,11.2044],[79.0784,11.1808],[79.0561,11.1405],[79.0694,11.1089],[79.0544,11.085],[79.0064,11.0589],[78.974,11.0943],[78.8865,11.1017],[78.8725,11.0842],[78.8073,11.0789],[78.8109,11.1117],[78.7597,11.1216],[78.7369,11.0959]]]}},{"type":"Feature","properties":{"state":"TAMIL NADU","district":"Pudukkottai"},"geometry":{"type":"MultiPolygon","coordinates":[[[[78.5122,10.2711],[78.5214,10.3263],[78.4976,10.3641],[78.5303,10.3905],[78.5165,10.4078],[78.5231,10.4366],[78.5625,10.4268],[78.5651,10.443],[78.5851,10.4409],[78.5894,10.4745],[78.5708,10.4891],[78.5818,10.5219],[78.55,10.5141],[78.5365,10.5306],[78.5274,10.4863],[78.4961,10.4851],[78.4913,10.5268],[78.4639,10.5408],[78.4661,10.5783],[78.4468,10.6085],[78.4825,10.6384],[78.527,10.6291],[78.5178,10.6698],[78.5508,10.6864],[78.5684,10.6813],[78.5656,10.6606],[78.5931,10.659],[78.6092,10.6811],[78.6213,10.6758],[78.6352,10.7074],[78.6585,10.7047],[78.6525,10.6586],[78.6652,10.6548],[78.6976,10.7023],[78.6892,10.7346],[78.7428,10.7074],[78.7358,10.6717],[78.7502,10.6418],[78.7653,10.6551],[78.7907,10.6498],[78.8204,10.6946],[78.8721,10.6881],[78.8735,10.7056],[78.9082,10.6717],[78.9447,10.6807],[78.9639,10.6515],[79.0035,10.7223],[79.0292,10.704],[79.0167,10.6801],[79.0689,10.6774],[79.07,10.6407],[79.1043,10.6152],[79.1276,10.6362],[79.1428,10.5864],[79.1908,10.5782],[79.1846,10.5377],[79.1517,10.5325],[79.1549,10.5218],[79.1288,10.4954],[79.1947,10.4659],[79.1258,10.4379],[79.1527,10.4007],[79.153,10.3501],[79.1144,10.3282],[79.1349,10.319],[79.1216,10.3057],[79.1326,10.2651],[79.116,10.2339],[79.1442,10.2363],[79.1506,10.2162],[79.1831,10.2146],[79.1825,10.1933],[79.1502,10.1939],[79.1615,10.1799],[79.1514,10.1596],[79.1963,10.1609],[79.2065,10.1368],[79.226,10.1371],[79.2232,10.0812],[79.2661,10.0392],[79.1389,9.9209],[79.147,9.9114],[79.1255,9.9037],[79.124,9.8836],[79.1184,9.8907],[79.1113,9.8928],[79.1169,9.8504],[79.0685,9.8502],[79.043,9.8612],[78.988,9.9502],[79.0033,9.9562],[79.01,9.9899],[78.974,9.9915],[78.9302,10.0218],[78.9246,10.047],[78.9444,10.0594],[78.9342,10.0719],[78.9601,10.0953],[78.9734,10.0818],[78.987,10.0894],[78.9667,10.1276],[78.9479,10.1056],[78.9001,10.1567],[78.8479,10.1261],[78.8136,10.1666],[78.8232,10.1981],[78.8099,10.213],[78.7689,10.1991],[78.7672,10.1634],[78.7373,10.1586],[78.7085,10.1756],[78.6776,10.1472],[78.6642,10.179],[78.6732,10.2047],[78.6414,10.241],[78.6517,10.2543],[78.5779,10.2872],[78.5706,10.2568],[78.5385,10.2577],[78.5189,10.2366],[78.5162,10.1905],[78.4878,10.1905],[78.4695,10.2043],[78.4856,10.2524],[78.4576,10.2406],[78.4527,10.267],[78.5122,10.2711]],[[79.1527,10.4529],[79.1517,10.4518],[79.1533,10.4525],[79.1527,10.4529]],[[79.1568,10.4667],[79.1553,10.4658],[79.1559,10.4654],[79.1568,10.4667]],[[79.1537,10.4648],[79.152,10.466],[79.1522,10.4644],[79.1537,10.4648]],[[79.1465,10.5261],[79.1448,10.5262],[79.1457,10.5252],[79.1465,10.5261]],[[79.1486,10.5299],[79.1486,10.5284],[79.1491,10.5288],[79.1486,10.5299]],[[79.1449,10.5158],[79.1446,10.5184],[79.1437,10.5159],[79.1449,10.5158]],[[79.1384,10.5062],[79.1377,10.5073],[79.1366,10.5055],[79.1384,10.5062]],[[79.1361,10.5081],[79.134,10.5076],[79.135,10.5062],[79.1361,10.5081]],[[79.1338,10.5085],[79.134,10.5101],[79.1332,10.5095],[79.1338,10.5085]],[[79.1482,10.5248],[79.1487,10.5239],[79.1488,10.5246],[79.1482,10.5248]],[[79.1789,10.4669],[79.1798,10.4681],[79.1781,10.468],[79.1789,10.4669]],[[79.1755,10.4706],[79.1755,10.4683],[79.1768,10.4699],[79.1755,10.4706]],[[79.1748,10.4665],[79.1742,10.468],[79.1738,10.467],[79.1748,10.4665]],[[79.1732,10.4635],[79.1742,10.4651],[79.1732,10.465],[79.1732,10.4635]],[[79.1717,10.4653],[79.1709,10.4646],[79.1718,10.4646],[79.1717,10.4653]],[[79.1682,10.4642],[79.1668,10.463],[79.1679,10.4623],[79.1682,10.4642]],[[79.1633,10.4544],[79.1627,10.4557],[79.1625,10.4545],[79.1633,10.4544]],[[79.1603,10.4549],[79.1595,10.4567],[79.1589,10.4554],[79.1603,10.4549]],[[79.1577,10.473],[79.1593,10.4729],[79.1584,10.4734],[79.1577,10.473]],[[79.1566,10.469],[79.1583,10.4697],[79.157,10.4702],[79.1566,10.469]],[[79.1696,10.542],[79.1713,10.5428],[79.1696,10.5425],[79.1696,10.542]],[[79.1831,10.5675],[79.1842,10.5657],[79.1848,10.5673],[79.1831,10.5675]]],[[[78.5745,10.709],[78.5698,10.6846],[78.5578,10.7027],[78.5745,10.709]]]]}},{"type":"Feature","properties":{"state":"TAMIL NADU","district":"Ramanathapuram"},"geometry":{"type":"MultiPolygon","coordinates":[[[[78.4675,9.128],[78.3568,9.0986],[78.3564,9.1181],[78.2739,9.1415],[78.2961,9.2051],[78.2694,9.2021],[78.281,9.2842],[78.3286,9.2753],[78.3649,9.3395],[78.3561,9.3579],[78.3331,9.3541],[78.3244,9.3324],[78.2978,9.326],[78.2954,9.3426],[78.3105,9.3452],[78.3042,9.3843],[78.243,9.3811],[78.2186,9.4474],[78.3012,9.4422],[78.311,9.4679],[78.3519,9.461],[78.327,9.4875],[78.3473,9.5114],[78.3823,9.5159],[78.3684,9.5705],[78.4549,9.6161],[78.4612,9.6364],[78.4771,9.6132],[78.503,9.6109],[78.4943,9.5998],[78.5201,9.5789],[78.5871,9.5723],[78.6168,9.5581],[78.6168,9.5362],[78.6556,9.5201],[78.6542,9.5432],[78.6938,9.5768],[78.6844,9.6056],[78.7467,9.5853],[78.8213,9.5997],[78.8266,9.6179],[78.7878,9.6341],[78.7943,9.7056],[78.7781,9.7196],[78.7449,9.7076],[78.7374,9.7805],[78.7822,9.7954],[78.7804,9.7604],[78.796,9.7949],[78.8146,9.7798],[78.8283,9.7929],[78.8217,9.7609],[78.8054,9.7595],[78.8153,9.7316],[78.8263,9.7318],[78.8231,9.7498],[78.8511,9.747],[78.8553,9.7653],[78.8823,9.7446],[78.8933,9.7729],[78.8665,9.7893],[78.8641,9.8116],[78.874,9.8834],[78.8921,9.879],[78.8993,9.9179],[78.9347,9.9342],[78.9561,9.9199],[78.9659,9.9431],[78.9961,9.9395],[79.0461,9.8585],[79.1091,9.8451],[79.085,9.8347],[79.0939,9.8294],[79.0586,9.7725],[79.0299,9.7615],[79.0159,9.7323],[79.016,9.7404],[79.0132,9.7448],[78.9598,9.6309],[78.9336,9.6062],[78.9152,9.499],[78.898,9.4853],[78.9236,9.4256],[78.9861,9.3559],[79.0711,9.295],[79.2112,9.2833],[79.2659,9.2927],[79.3099,9.3276],[79.3272,9.3213],[79.335,9.3093],[79.3147,9.2812],[79.324,9.2636],[79.4164,9.1871],[79.4365,9.16],[79.2994,9.2468],[79.2198,9.2573],[79.2092,9.2824],[79.0807,9.2612],[78.966,9.2742],[78.7326,9.2119],[78.7173,9.1895],[78.6638,9.1936],[78.6422,9.1747],[78.6571,9.1577],[78.5782,9.131],[78.4675,9.128]]],[[[78.4899,9.0934],[78.4927,9.0864],[78.4872,9.0887],[78.4899,9.0934]]],[[[78.5396,9.1051],[78.535,9.1025],[78.5387,9.1062],[78.5396,9.1051]]],[[[78.5793,9.1128],[78.5878,9.1068],[78.571,9.1011],[78.5793,9.1128]]],[[[78.697,9.1526],[78.6938,9.1529],[78.6965,9.1558],[78.697,9.1526]]],[[[78.732,9.154],[78.728,9.1532],[78.7316,9.1558],[78.732,9.154]]],[[[78.7509,9.1565],[78.7525,9.1556],[78.7516,9.1554],[78.7509,9.1565]]],[[[78.6983,9.1579],[78.6984,9.1588],[78.699,9.1585],[78.6983,9.1579]]],[[[78.7042,9.1841],[78.702,9.186],[78.7042,9.1841],[78.7042,9.1841]]],[[[78.8195,9.1652],[78.8187,9.1607],[78.8169,9.1604],[78.8195,9.1652]]],[[[78.8269,9.1696],[78.828,9.1684],[78.8241,9.1662],[78.8269,9.1696]]],[[[78.9062,9.1852],[78.9369,9.1823],[78.8973,9.1796],[78.9062,9.1852]]],[[[78.9101,9.186],[78.9104,9.1865],[78.9105,9.186],[78.9101,9.186]]],[[[79.4965,9.1248],[79.4889,9.1189],[79.4921,9.1242],[79.4965,9.1248]]],[[[79.4886,9.1266],[79.4871,9.1273],[79.4889,9.1282],[79.4886,9.1266]]],[[[79.4815,9.1305],[79.4814,9.13],[79.4797,9.1299],[79.4815,9.1305]]],[[[79.4835,9.1331],[79.4816,9.1331],[79.4833,9.1342],[79.4835,9.1331]]],[[[79.4736,9.1384],[79.4735,9.1366],[79.4698,9.1394],[79.4736,9.1384]]],[[[79.4674,9.1434],[79.4651,9.1429],[79.4653,9.1435],[79.4674,9.1434]]],[[[79.4538,9.1439],[79.4547,9.1453],[79.4543,9.1437],[79.4538,9.1439]]],[[[79.4562,9.1466],[79.4555,9.1476],[79.4564,9.147],[79.4562,9.1466]]],[[[79.4527,9.1497],[79.4527,9.1464],[79.4501,9.148],[79.4527,9.1497]]],[[[79.4458,9.1535],[79.4445,9.1517],[79.4453,9.1538],[79.4458,9.1535]]],[[[79.4462,9.1573],[79.4436,9.1565],[79.4445,9.158],[79.4462,9.1573]]],[[[78.9666,9.1869],[78.9712,9.1851],[78.9677,9.1828],[78.9666,9.1869]]],[[[79.0689,9.2105],[79.091,9.1959],[79.0568,9.198],[79.0689,9.2105]]],[[[79.139,9.2138],[79.1405,9.213],[79.139,9.2128],[79.139,9.2138]]],[[[79.1341,9.216],[79.1291,9.2146],[79.133,9.2162],[79.1341,9.216]]],[[[79.1793,9.2382],[79.2236,9.2472],[79.1993,9.2302],[79.1793,9.2382]]],[[[79.2354,9.2437],[79.2357,9.2402],[79.2327,9.2435],[79.2354,9.2437]]]]}},{"type":"Feature","properties":{"state":"TAMIL NADU","district":"Ranipet"},"geometry":{"type":"Polygon","coordinates":[[[79.3442,12.7303],[79.2895,12.7529],[79.2556,12.8227],[79.2087,12.7847],[79.1782,12.82],[79.1926,12.8883],[79.2109,12.8952],[79.1881,12.926],[79.2233,12.9564],[79.2679,12.9401],[79.266,12.9874],[79.2945,13.0472],[79.2725,13.087],[79.2934,13.1014],[79.3349,13.0606],[79.4168,13.0846],[79.4203,13.1038],[79.4016,13.1042],[79.4188,13.15],[79.4535,13.1265],[79.429,13.1165],[79.4509,13.0932],[79.4753,13.1077],[79.4827,13.1399],[79.5685,13.1375],[79.5709,13.1219],[79.5944,13.122],[79.5892,13.1475],[79.6359,13.1489],[79.6301,13.1729],[79.654,13.2105],[79.6715,13.2038],[79.6701,13.1832],[79.7008,13.1916],[79.6949,13.159],[79.7365,13.1669],[79.7361,13.1179],[79.7015,13.0994],[79.7363,13.0951],[79.7381,13.0655],[79.7186,13.0537],[79.7759,13.0628],[79.7916,13.0537],[79.7899,13.0246],[79.6589,12.9506],[79.6631,12.9304],[79.5683,12.8996],[79.5644,12.8558],[79.4726,12.8743],[79.4574,12.8105],[79.4765,12.7995],[79.4623,12.7985],[79.4675,12.7567],[79.4534,12.7403],[79.4753,12.7314],[79.451,12.6712],[79.3693,12.6322],[79.3518,12.6464],[79.3624,12.6518],[79.3536,12.6694],[79.3949,12.6898],[79.3801,12.7078],[79.3924,12.7139],[79.3955,12.7294],[79.3556,12.7189],[79.3478,12.6939],[79.3442,12.7303]]]}},{"type":"Feature","properties":{"state":"TAMIL NADU","district":"Salem"},"geometry":{"type":"Polygon","coordinates":[[[77.9136,11.451],[77.9109,11.4222],[77.8748,11.4136],[77.8525,11.4151],[77.8499,11.4346],[77.82,11.4461],[77.8298,11.4699],[77.8082,11.4688],[77.8143,11.4576],[77.7962,11.4473],[77.7727,11.4828],[77.761,11.451],[77.7421,11.4458],[77.6966,11.4644],[77.7324,11.5117],[77.7241,11.5367],[77.7462,11.5706],[77.7359,11.6013],[77.7765,11.6957],[77.7456,11.6546],[77.6955,11.6396],[77.691,11.7185],[77.7145,11.7971],[77.6343,11.664],[77.6184,11.6762],[77.6107,11.6522],[77.5784,11.6853],[77.5767,11.6525],[77.5643,11.6609],[77.4962,11.5518],[77.4447,11.5614],[77.4586,11.6066],[77.4376,11.645],[77.454,11.6661],[77.4397,11.6737],[77.4432,11.7166],[77.4154,11.7401],[77.4664,11.8463],[77.4616,11.9],[77.4862,11.8874],[77.4948,11.9438],[77.538,11.9324],[77.6535,11.9547],[77.7367,11.9406],[77.7627,11.9099],[77.8477,11.8943],[77.8671,11.9157],[77.9703,11.8956],[78.039,11.9363],[78.2349,11.9793],[78.2533,11.9511],[78.2358,11.918],[78.257,11.9402],[78.2728,11.9379],[78.2579,11.9124],[78.2908,11.9321],[78.269,11.9003],[78.2801,11.8996],[78.3244,11.9301],[78.3264,11.8996],[78.3091,11.8812],[78.3589,11.9117],[78.3531,11.8942],[78.3676,11.8806],[78.3129,11.7827],[78.3283,11.776],[78.4144,11.8801],[78.4415,11.8683],[78.4351,11.8547],[78.4554,11.8264],[78.5394,11.8066],[78.5958,11.8228],[78.6268,11.8692],[78.6809,11.8575],[78.6952,11.8512],[78.6922,11.8039],[78.6432,11.7683],[78.6459,11.6604],[78.6801,11.6436],[78.6932,11.6893],[78.7806,11.7033],[78.8046,11.6882],[78.8065,11.6613],[78.7736,11.6366],[78.7898,11.6289],[78.7753,11.606],[78.8293,11.5782],[78.8147,11.5447],[78.843,11.523],[78.8339,11.5066],[78.8103,11.5079],[78.7904,11.4572],[78.8228,11.4271],[78.7988,11.3842],[78.7413,11.4496],[78.7032,11.457],[78.6513,11.4224],[78.6632,11.3738],[78.6421,11.3428],[78.5716,11.3152],[78.5529,11.3201],[78.5534,11.3587],[78.5035,11.3805],[78.5098,11.3968],[78.4898,11.4141],[78.427,11.3849],[78.458,11.4388],[78.4259,11.4709],[78.4329,11.4954],[78.4618,11.4949],[78.4734,11.52],[78.4543,11.5423],[78.4516,11.5971],[78.3829,11.5752],[78.3745,11.5885],[78.3285,11.5313],[78.3101,11.5412],[78.3295,11.5585],[78.3073,11.5646],[78.3193,11.5785],[78.3032,11.5888],[78.2719,11.5787],[78.2662,11.5598],[78.2074,11.5645],[78.1606,11.5388],[78.0831,11.5541],[78.0789,11.524],[78.054,11.5134],[78.0347,11.5286],[77.978,11.5307],[77.9719,11.4682],[77.948,11.4739],[77.9136,11.451]],[[77.5895,11.772],[77.6315,11.7292],[77.6171,11.7857],[77.5419,11.8015],[77.5447,11.8371],[77.5274,11.8468],[77.5307,11.7784],[77.4804,11.7392],[77.4646,11.7422],[77.4574,11.678],[77.472,11.7181],[77.5073,11.7522],[77.5388,11.7393],[77.5571,11.7665],[77.5716,11.7114],[77.596,11.7498],[77.5895,11.772]],[[77.5523,11.6638],[77.5604,11.6658],[77.5553,11.6694],[77.5523,11.6638]],[[77.5458,11.6364],[77.5438,11.6444],[77.5407,11.6398],[77.5458,11.6364]],[[77.5515,11.8161],[77.5556,11.8221],[77.5486,11.8195],[77.5515,11.8161]]]}},{"type":"Feature","properties":{"state":"TAMIL NADU","district":"Sivaganga"},"geometry":{"type":"Polygon","coordinates":[[[78.383,9.6545],[78.3393,9.6581],[78.3248,9.7427],[78.2917,9.6746],[78.2712,9.6918],[78.2769,9.7406],[78.2102,9.7825],[78.2043,9.7636],[78.1733,9.7602],[78.1722,9.7481],[78.1339,9.7481],[78.1409,9.8092],[78.1723,9.797],[78.1599,9.7746],[78.1754,9.7721],[78.1934,9.8066],[78.1691,9.8309],[78.1278,9.8141],[78.1232,9.849],[78.1508,9.8522],[78.1513,9.8747],[78.2078,9.8756],[78.2487,9.8602],[78.2392,9.8453],[78.2584,9.8342],[78.267,9.8562],[78.2503,9.8737],[78.3096,9.8653],[78.3171,9.9262],[78.3703,9.9346],[78.372,9.9623],[78.3889,9.9522],[78.4566,9.9685],[78.4561,10.0181],[78.4277,10.053],[78.4619,10.0716],[78.4564,10.0992],[78.4736,10.1219],[78.4327,10.1351],[78.4259,10.122],[78.4017,10.1386],[78.413,10.1607],[78.3946,10.1741],[78.4125,10.2131],[78.3924,10.2416],[78.4242,10.2707],[78.3867,10.2703],[78.3906,10.3022],[78.3787,10.3101],[78.4043,10.3436],[78.3922,10.3543],[78.4489,10.3749],[78.4402,10.4006],[78.4548,10.4095],[78.5077,10.389],[78.4977,10.3521],[78.5214,10.3263],[78.5145,10.2676],[78.4527,10.267],[78.4576,10.2406],[78.4857,10.2521],[78.4705,10.2029],[78.5162,10.1905],[78.5189,10.2366],[78.5385,10.2577],[78.5706,10.2568],[78.5779,10.2872],[78.6517,10.2543],[78.6414,10.241],[78.6732,10.2047],[78.6642,10.179],[78.6783,10.147],[78.7085,10.1756],[78.7373,10.1586],[78.7672,10.1634],[78.7689,10.1991],[78.8099,10.213],[78.8232,10.1981],[78.8136,10.1666],[78.8479,10.1261],[78.9001,10.1567],[78.9479,10.1056],[78.9677,10.1266],[78.987,10.0894],[78.9734,10.0818],[78.9601,10.0953],[78.9342,10.0719],[78.9444,10.0594],[78.9246,10.047],[78.9302,10.0218],[79.0139,9.9809],[78.9897,9.9401],[78.9639,9.9429],[78.9629,9.9239],[78.944,9.9168],[78.9355,9.934],[78.916,9.9271],[78.8932,9.9115],[78.8921,9.879],[78.874,9.8834],[78.8641,9.8116],[78.8665,9.7893],[78.8933,9.7729],[78.8823,9.7446],[78.8553,9.7653],[78.8511,9.747],[78.8231,9.7498],[78.8263,9.7318],[78.8153,9.7316],[78.8054,9.7595],[78.8217,9.7609],[78.8283,9.7929],[78.8146,9.7798],[78.796,9.7949],[78.7804,9.7604],[78.7822,9.7954],[78.7374,9.7805],[78.7449,9.7076],[78.7781,9.7196],[78.7943,9.7056],[78.7878,9.6341],[78.8266,9.6179],[78.8213,9.5997],[78.7467,9.5853],[78.6844,9.6056],[78.6938,9.5768],[78.6542,9.5432],[78.6556,9.5201],[78.6168,9.5362],[78.6168,9.5581],[78.5871,9.5723],[78.5201,9.5789],[78.4943,9.5998],[78.503,9.6109],[78.4771,9.6132],[78.4615,9.6364],[78.4391,9.6093],[78.4,9.6119],[78.383,9.6545]]]}},{"type":"Feature","properties":{"state":"TAMIL NADU","district":"Tenkasi"},"geometry":{"type":"Polygon","coordinates":[[[77.3865,8.8714],[77.239,8.8843],[77.2182,8.9187],[77.1928,8.9262],[77.1963,8.9546],[77.1466,9.0218],[77.1675,9.0453],[77.1975,9.047],[77.2124,9.1005],[77.2668,9.1525],[77.2515,9.1891],[77.2817,9.2166],[77.283,9.3013],[77.2995,9.3109],[77.3,9.3367],[77.3253,9.3371],[77.3394,9.4201],[77.3891,9.3922],[77.434,9.3909],[77.4505,9.3699],[77.4414,9.3543],[77.468,9.3467],[77.4648,9.3291],[77.4747,9.3407],[77.5221,9.335],[77.5331,9.3761],[77.573,9.343],[77.5896,9.3476],[77.5856,9.3086],[77.6551,9.2835],[77.7392,9.2805],[77.7348,9.1969],[77.7058,9.1884],[77.6901,9.1589],[77.7005,9.1381],[77.6741,9.1381],[77.6732,9.1265],[77.6863,9.1023],[77.74,9.1068],[77.7437,9.0777],[77.7042,9.0734],[77.7136,9.0456],[77.6882,9.0144],[77.6891,8.9997],[77.7225,9.0024],[77.7292,8.9831],[77.7105,8.9672],[77.6906,8.9939],[77.676,8.9893],[77.6948,8.9188],[77.6569,8.9343],[77.645,8.957],[77.6183,8.9341],[77.5932,8.9447],[77.5929,8.9107],[77.5616,8.9114],[77.5638,8.8779],[77.5943,8.8681],[77.5694,8.7897],[77.5201,8.7818],[77.511,8.8088],[77.5064,8.7951],[77.4628,8.8139],[77.4501,8.7639],[77.4204,8.7872],[77.415,8.8256],[77.3844,8.8483],[77.3865,8.8714]]]}},{"type":"Feature","properties":{"state":"TAMIL NADU","district":"Thanjavur"},"geometry":{"type":"MultiPolygon","coordinates":[[[[78.9871,10.6792],[78.9637,10.6514],[78.9398,10.6826],[78.9082,10.6717],[78.8684,10.7113],[78.881,10.7775],[78.8605,10.8032],[78.8688,10.8256],[78.7765,10.8331],[78.9234,10.8661],[78.9602,10.8946],[79.05,10.8883],[79.0852,10.927],[79.2117,10.9407],[79.291,11.0144],[79.3989,11.0669],[79.4727,11.161],[79.5267,11.1837],[79.5728,11.148],[79.5361,11.1029],[79.5471,11.1047],[79.5526,11.0778],[79.5109,11.0421],[79.5118,11.0275],[79.5301,11.0268],[79.5231,11.0088],[79.5473,11.0007],[79.5086,10.984],[79.5197,10.9503],[79.4843,10.9209],[79.5078,10.8988],[79.4883,10.8894],[79.4857,10.8692],[79.4562,10.8638],[79.2919,10.938],[79.2754,10.9231],[79.2869,10.9179],[79.2957,10.9035],[79.2682,10.9053],[79.2736,10.8729],[79.2953,10.8642],[79.2894,10.833],[79.3766,10.804],[79.3485,10.7957],[79.3454,10.7662],[79.3611,10.7522],[79.3016,10.7395],[79.3179,10.6608],[79.3574,10.6459],[79.3519,10.5831],[79.3966,10.5802],[79.405,10.5521],[79.4525,10.5595],[79.4232,10.5354],[79.4692,10.5114],[79.4554,10.4886],[79.4831,10.4896],[79.473,10.4353],[79.4511,10.4297],[79.476,10.4001],[79.4614,10.3926],[79.4676,10.3731],[79.4857,10.3806],[79.5048,10.3663],[79.4988,10.3148],[79.3881,10.3175],[79.3293,10.2844],[79.2701,10.2358],[79.2787,10.2155],[79.2415,10.1849],[79.226,10.1371],[79.2065,10.1368],[79.1963,10.1609],[79.1518,10.1592],[79.1526,10.1968],[79.1893,10.2011],[79.1813,10.2162],[79.1506,10.2162],[79.1442,10.2363],[79.116,10.2339],[79.1326,10.2651],[79.1216,10.3057],[79.1349,10.319],[79.1144,10.3282],[79.153,10.3501],[79.1527,10.4007],[79.1255,10.4359],[79.1947,10.4659],[79.1288,10.4954],[79.1549,10.5218],[79.1517,10.5325],[79.1846,10.5377],[79.1908,10.5782],[79.1428,10.5864],[79.1276,10.6362],[79.1043,10.6152],[79.07,10.6407],[79.0689,10.6774],[79.0167,10.6801],[79.0292,10.704],[79.004,10.7221],[78.984,10.6989],[78.9871,10.6792]]],[[[79.1374,10.5053],[79.1381,10.5076],[79.1384,10.5075],[79.1374,10.5053]]],[[[79.134,10.5076],[79.1361,10.5081],[79.135,10.5062],[79.134,10.5076]]],[[[79.134,10.5101],[79.1338,10.5085],[79.1332,10.5095],[79.134,10.5101]]],[[[79.1453,10.5182],[79.1437,10.5159],[79.1446,10.5184],[79.1453,10.5182]]],[[[79.1482,10.5248],[79.1487,10.5239],[79.1478,10.524],[79.1482,10.5248]]],[[[79.146,10.5266],[79.1457,10.5252],[79.1448,10.5262],[79.146,10.5266]]],[[[79.1491,10.5288],[79.1477,10.5291],[79.1486,10.5299],[79.1491,10.5288]]],[[[79.1516,10.4523],[79.153,10.4521],[79.1517,10.4518],[79.1516,10.4523]]],[[[79.1627,10.4557],[79.1633,10.4544],[79.1625,10.4545],[79.1627,10.4557]]],[[[79.1595,10.4567],[79.1603,10.4549],[79.1589,10.4554],[79.1595,10.4567]]],[[[79.1668,10.463],[79.1682,10.4642],[79.1679,10.4623],[79.1668,10.463]]],[[[79.1743,10.4635],[79.1732,10.465],[79.1742,10.4651],[79.1743,10.4635]]],[[[79.1718,10.4646],[79.1709,10.4654],[79.1717,10.4653],[79.1718,10.4646]]],[[[79.1539,10.4657],[79.1522,10.4644],[79.152,10.466],[79.1539,10.4657]]],[[[79.1558,10.4672],[79.1565,10.4656],[79.1553,10.4658],[79.1558,10.4672]]],[[[79.1742,10.468],[79.1748,10.4665],[79.1738,10.467],[79.1742,10.468]]],[[[79.157,10.4702],[79.1575,10.4683],[79.1566,10.4697],[79.157,10.4702]]],[[[79.1593,10.4729],[79.1577,10.473],[79.1584,10.4734],[79.1593,10.4729]]],[[[79.1696,10.542],[79.1713,10.5428],[79.1713,10.5418],[79.1696,10.542]]],[[[79.1787,10.4686],[79.1789,10.4669],[79.1781,10.468],[79.1787,10.4686]]],[[[79.1768,10.4699],[79.1749,10.4688],[79.1755,10.4706],[79.1768,10.4699]]],[[[79.1831,10.5675],[79.1842,10.5657],[79.1828,10.5666],[79.1831,10.5675]]]]}},{"type":"Feature","properties":{"state":"TAMIL NADU","district":"The Nilgiris"},"geometry":{"type":"MultiPolygon","coordinates":[[[[76.6208,11.1975],[76.5339,11.1968],[76.5105,11.2116],[76.4724,11.2088],[76.4584,11.1877],[76.4386,11.199],[76.4531,11.2394],[76.5222,11.2713],[76.5458,11.3003],[76.5479,11.3589],[76.5082,11.3541],[76.5178,11.3716],[76.4621,11.3875],[76.4151,11.4226],[76.4187,11.4418],[76.3977,11.435],[76.3422,11.4676],[76.3255,11.4533],[76.2844,11.4829],[76.2476,11.4685],[76.2385,11.5263],[76.2515,11.5378],[76.2331,11.5708],[76.2789,11.6009],[76.3024,11.5712],[76.3359,11.5957],[76.3546,11.5893],[76.3881,11.6297],[76.4325,11.6313],[76.4441,11.6472],[76.4314,11.6664],[76.4582,11.6643],[76.5117,11.705],[76.5506,11.6742],[76.567,11.6188],[76.8252,11.6073],[76.848,11.5927],[76.8304,11.5719],[76.8631,11.5441],[76.8663,11.5196],[76.9274,11.5333],[76.9451,11.5193],[76.9353,11.4822],[76.9718,11.4677],[76.9993,11.4752],[77.0117,11.4421],[76.9829,11.4404],[76.981,11.4013],[76.9334,11.3764],[76.9501,11.3658],[76.9326,11.3561],[76.9027,11.3508],[76.8929,11.3661],[76.8498,11.3426],[76.8604,11.3237],[76.8508,11.2929],[76.807,11.2992],[76.7895,11.279],[76.7691,11.2896],[76.7677,11.2641],[76.7371,11.2446],[76.7057,11.2633],[76.7071,11.2384],[76.6208,11.1975]]],[[[77.004,11.5135],[77.0005,11.5171],[77.0046,11.517],[77.004,11.5135]]],[[[76.9548,11.5529],[76.9487,11.5516],[76.9497,11.5545],[76.9548,11.5529]]]]}},{"type":"Feature","properties":{"state":"TAMIL NADU","district":"Theni"},"geometry":{"type":"Polygon","coordinates":[[[77.3525,9.6003],[77.3395,9.5733],[77.3178,9.6025],[77.2697,9.5728],[77.2343,9.5815],[77.209,9.6134],[77.1659,9.6129],[77.2067,9.6947],[77.2036,9.7221],[77.2239,9.7304],[77.2227,9.7878],[77.2467,9.7979],[77.2218,9.8225],[77.2372,9.8514],[77.2125,9.8769],[77.2183,9.9043],[77.2465,9.9514],[77.2729,9.9642],[77.2532,10.0128],[77.2619,10.0297],[77.2036,10.0883],[77.203,10.1102],[77.2382,10.1301],[77.283,10.1178],[77.3603,10.151],[77.3718,10.1392],[77.3954,10.1628],[77.4276,10.1361],[77.4656,10.1288],[77.4826,10.1539],[77.5462,10.1828],[77.5482,10.204],[77.5697,10.1813],[77.6222,10.2187],[77.6644,10.1888],[77.7065,10.2159],[77.7013,10.1952],[77.7293,10.1591],[77.7295,10.1314],[77.6764,10.1446],[77.6686,10.1224],[77.7025,10.1027],[77.7121,10.0246],[77.6979,10.0173],[77.6919,9.9681],[77.6732,9.9618],[77.6686,9.9143],[77.6541,9.9186],[77.62,9.8622],[77.6121,9.7991],[77.4643,9.5798],[77.4773,9.5522],[77.4279,9.5465],[77.3852,9.5192],[77.3523,9.5608],[77.3661,9.596],[77.3525,9.6003]]]}},{"type":"Feature","properties":{"state":"TAMIL NADU","district":"Thiruvallur"},"geometry":{"type":"MultiPolygon","coordinates":[[[[79.4026,13.1024],[79.4203,13.1038],[79.4168,13.0846],[79.3349,13.0606],[79.2976,13.0879],[79.284,13.1228],[79.3125,13.1261],[79.2943,13.1096],[79.3072,13.1055],[79.3413,13.1368],[79.3581,13.1217],[79.3561,13.1646],[79.38,13.1629],[79.3695,13.1729],[79.3877,13.1775],[79.374,13.1893],[79.4384,13.1882],[79.4533,13.2385],[79.4309,13.2298],[79.4377,13.2429],[79.4185,13.243],[79.4084,13.2653],[79.4337,13.275],[79.4454,13.3013],[79.42,13.2895],[79.3819,13.3075],[79.4354,13.3517],[79.4563,13.3386],[79.4997,13.3478],[79.4974,13.332],[79.5373,13.3386],[79.5346,13.2754],[79.5793,13.2578],[79.5961,13.2849],[79.6316,13.2697],[79.6425,13.2901],[79.6654,13.2787],[79.6826,13.2958],[79.6957,13.2673],[79.6783,13.2617],[79.6843,13.2444],[79.7091,13.251],[79.7022,13.2241],[79.7164,13.2164],[79.7373,13.2365],[79.7501,13.208],[79.755,13.2065],[79.7945,13.2263],[79.7947,13.2421],[79.7307,13.2829],[79.7567,13.2953],[79.7603,13.3182],[79.7917,13.2935],[79.8089,13.3173],[79.8628,13.3169],[79.916,13.3599],[79.9331,13.3519],[79.9628,13.3914],[79.9346,13.4165],[79.9733,13.4297],[79.9724,13.4691],[80.0075,13.4786],[80.0159,13.498],[80.0466,13.4937],[80.0484,13.5123],[80.0005,13.5257],[79.9986,13.5427],[80.0569,13.5366],[80.0813,13.5498],[80.0782,13.4888],[80.1392,13.5043],[80.1451,13.4914],[80.2146,13.4903],[80.2418,13.4706],[80.2687,13.5646],[80.3253,13.444],[80.3465,13.3133],[80.3345,13.2383],[80.3033,13.2128],[80.2753,13.2293],[80.2704,13.2033],[80.2228,13.1998],[80.2159,13.1723],[80.1996,13.1812],[80.1771,13.1396],[80.1458,13.1394],[80.1404,13.0986],[80.1614,13.0811],[80.158,13.0413],[80.1457,13.0399],[80.1485,13.0644],[80.1279,13.0342],[80.0818,13.041],[80.08,13.0161],[80.0711,13.0374],[80.0427,13.019],[79.9946,13.0467],[79.9819,13.0317],[79.9742,13.0389],[79.9909,13.0516],[79.9865,13.0562],[79.949,13.0327],[79.9007,13.0495],[79.9004,13.017],[79.9422,13.0009],[79.8892,12.9937],[79.914,12.9789],[79.8923,12.9459],[79.8526,12.9484],[79.821,12.9625],[79.813,12.9903],[79.8305,12.997],[79.8266,13.0304],[79.8011,13.0149],[79.7759,13.0628],[79.7186,13.0537],[79.7381,13.0655],[79.7363,13.0951],[79.7015,13.0994],[79.7022,13.1108],[79.7361,13.1179],[79.7365,13.1669],[79.6949,13.159],[79.7008,13.1916],[79.6701,13.1832],[79.6612,13.2104],[79.6301,13.1729],[79.6346,13.1476],[79.5892,13.1475],[79.5944,13.122],[79.5709,13.1219],[79.5685,13.1375],[79.4827,13.1399],[79.4753,13.1077],[79.4509,13.0932],[79.429,13.1165],[79.4535,13.1265],[79.4188,13.15],[79.4026,13.1024]]],[[[79.8457,13.3276],[79.8498,13.3232],[79.8428,13.3222],[79.8457,13.3276]]]]}},{"type":"Feature","properties":{"state":"TAMIL NADU","district":"Thiruvarur"},"geometry":{"type":"MultiPolygon","coordinates":[[[[79.3519,10.5831],[79.3574,10.6459],[79.3179,10.6608],[79.3016,10.7393],[79.3611,10.7522],[79.3454,10.7662],[79.3485,10.7957],[79.3766,10.804],[79.2894,10.833],[79.2953,10.8642],[79.2736,10.8729],[79.2682,10.9053],[79.2957,10.9035],[79.2953,10.9081],[79.2753,10.9263],[79.301,10.9358],[79.4582,10.8632],[79.4857,10.8692],[79.4883,10.8894],[79.5072,10.896],[79.4843,10.9209],[79.5189,10.9466],[79.5171,10.9704],[79.5285,10.9596],[79.5855,10.9832],[79.604,10.9718],[79.671,11.0173],[79.7481,10.9965],[79.764,10.9598],[79.7197,10.9685],[79.7209,10.9519],[79.7367,10.9574],[79.7296,10.9341],[79.7144,10.9137],[79.6848,10.9283],[79.6686,10.9143],[79.642,10.8571],[79.6528,10.8246],[79.6313,10.8227],[79.6572,10.8058],[79.659,10.8174],[79.6866,10.8161],[79.6861,10.8297],[79.7276,10.8292],[79.7317,10.8099],[79.7037,10.7834],[79.6872,10.7159],[79.6553,10.7129],[79.6778,10.6804],[79.6494,10.6428],[79.6736,10.6244],[79.6556,10.6135],[79.6693,10.5852],[79.6872,10.5836],[79.6596,10.5592],[79.7103,10.5537],[79.7267,10.5361],[79.7003,10.5061],[79.6884,10.5104],[79.6994,10.4834],[79.6772,10.4807],[79.6902,10.4499],[79.6308,10.4455],[79.6274,10.3962],[79.6388,10.3423],[79.72,10.2828],[79.5307,10.3092],[79.5441,10.3249],[79.4988,10.3148],[79.5048,10.3663],[79.4857,10.3806],[79.4676,10.3731],[79.4614,10.3926],[79.476,10.4001],[79.4511,10.4297],[79.473,10.4353],[79.4831,10.4896],[79.4554,10.4886],[79.4692,10.5114],[79.4232,10.5354],[79.4525,10.5595],[79.4003,10.5538],[79.3966,10.5802],[79.3519,10.5831]],[[79.7204,10.9372],[79.7229,10.9362],[79.7225,10.9383],[79.7204,10.9372]],[[79.7184,10.9559],[79.7197,10.9548],[79.7197,10.9559],[79.7184,10.9559]]],[[[79.7704,10.9014],[79.7678,10.8987],[79.7662,10.9006],[79.7704,10.9014]]],[[[79.7639,10.9059],[79.7622,10.9015],[79.7641,10.9122],[79.7639,10.9059]]]]}},{"type":"Feature","properties":{"state":"TAMIL NADU","district":"Tiruchirappalli"},"geometry":{"type":"Polygon","coordinates":[[[78.3656,10.2974],[78.3332,10.3004],[78.3308,10.3376],[78.2793,10.3726],[78.3151,10.4395],[78.2176,10.4667],[78.1734,10.5037],[78.1766,10.5174],[78.2,10.5467],[78.2431,10.5543],[78.2626,10.5789],[78.2835,10.7459],[78.2925,10.7018],[78.3419,10.7052],[78.345,10.7215],[78.3778,10.726],[78.4074,10.6739],[78.4679,10.6885],[78.4706,10.7037],[78.5135,10.6949],[78.5654,10.7345],[78.5717,10.775],[78.545,10.7961],[78.5878,10.8286],[78.5506,10.8776],[78.4906,10.8951],[78.4712,10.8863],[78.4894,10.9065],[78.4012,10.9613],[78.1979,10.9615],[78.1649,11.0132],[78.1948,11.0221],[78.1966,11.046],[78.1625,11.0468],[78.2018,11.0755],[78.2289,11.0546],[78.2387,11.0945],[78.2655,11.0703],[78.2909,11.0772],[78.3239,11.0579],[78.3446,11.0262],[78.3634,11.0651],[78.324,11.0972],[78.3434,11.1122],[78.3461,11.138],[78.3806,11.1374],[78.3812,11.187],[78.4219,11.2117],[78.4654,11.3133],[78.4469,11.3448],[78.4596,11.3426],[78.4862,11.4074],[78.5098,11.3968],[78.5035,11.3805],[78.5534,11.3587],[78.5613,11.3164],[78.6413,11.3421],[78.6632,11.3738],[78.6891,11.3817],[78.6342,11.3339],[78.6612,11.3314],[78.6659,11.3173],[78.7331,11.3234],[78.7512,11.2848],[78.7101,11.249],[78.6988,11.1911],[78.6759,11.1953],[78.6512,11.1683],[78.6758,11.1616],[78.701,11.0686],[78.7177,11.0556],[78.7202,11.074],[78.7427,11.0755],[78.7353,11.1056],[78.7597,11.1216],[78.8109,11.1117],[78.8073,11.0789],[78.8725,11.0842],[78.8865,11.1017],[78.9804,11.091],[79.006,11.0603],[79.0123,11.0101],[78.9919,11.0014],[78.9874,10.9668],[78.9468,10.9766],[78.9473,10.9625],[78.9776,10.9436],[78.9827,10.9217],[79.0019,10.9222],[79.0057,10.8936],[78.9602,10.8946],[78.9234,10.8661],[78.7765,10.8331],[78.8688,10.8256],[78.8605,10.8032],[78.881,10.7775],[78.8645,10.7328],[78.8721,10.6881],[78.8204,10.6946],[78.7907,10.6498],[78.7488,10.642],[78.7358,10.6717],[78.7428,10.7074],[78.6892,10.7346],[78.6976,10.7023],[78.6652,10.6548],[78.6525,10.6586],[78.6585,10.7047],[78.6352,10.7074],[78.6213,10.6758],[78.6092,10.6811],[78.5931,10.659],[78.5656,10.6606],[78.5684,10.6813],[78.5508,10.6864],[78.5178,10.6698],[78.527,10.6291],[78.4825,10.6384],[78.4468,10.6085],[78.4661,10.5783],[78.4639,10.5408],[78.4913,10.5268],[78.4961,10.4851],[78.5274,10.4863],[78.5365,10.5306],[78.55,10.5141],[78.5818,10.5219],[78.5708,10.4891],[78.5894,10.4745],[78.5851,10.4409],[78.5651,10.443],[78.5625,10.4268],[78.5231,10.4366],[78.5165,10.4078],[78.5303,10.3905],[78.5139,10.3715],[78.5077,10.389],[78.4475,10.409],[78.4489,10.3749],[78.3922,10.3543],[78.4047,10.3452],[78.3965,10.3239],[78.3656,10.2974]],[[78.5698,10.6846],[78.5745,10.709],[78.5578,10.7027],[78.5698,10.6846]]]}},{"type":"Feature","properties":{"state":"TAMIL NADU","district":"Tirunelveli"},"geometry":{"type":"Polygon","coordinates":[[[77.5634,8.2792],[77.5309,8.3187],[77.5417,8.3788],[77.5314,8.3929],[77.4915,8.3791],[77.4732,8.3974],[77.4616,8.4285],[77.4723,8.4553],[77.4451,8.4748],[77.445,8.5006],[77.3744,8.5181],[77.3508,8.5464],[77.2677,8.5792],[77.2007,8.6691],[77.2067,8.6842],[77.1698,8.7474],[77.1925,8.7444],[77.1973,8.7689],[77.2297,8.7846],[77.2628,8.842],[77.2617,8.8814],[77.3865,8.8714],[77.3844,8.8483],[77.415,8.8256],[77.4204,8.7872],[77.4501,8.7639],[77.4628,8.8139],[77.5064,8.7951],[77.511,8.8088],[77.5201,8.7818],[77.5684,8.7887],[77.5943,8.8681],[77.5638,8.8779],[77.5612,8.9108],[77.5929,8.9107],[77.5932,8.9447],[77.6183,8.9341],[77.6217,8.9492],[77.6547,8.9565],[77.6569,8.9343],[77.6848,8.919],[77.76,8.9276],[77.762,8.8868],[77.8122,8.8719],[77.8182,8.8376],[77.8517,8.8021],[77.8181,8.7759],[77.8281,8.7344],[77.8103,8.6833],[77.8243,8.6748],[77.8061,8.6473],[77.8191,8.6503],[77.8189,8.6311],[77.8057,8.6119],[77.7868,8.6207],[77.7811,8.5835],[77.8031,8.5761],[77.797,8.5654],[77.8121,8.5704],[77.8203,8.5405],[77.8073,8.5317],[77.8436,8.4712],[77.8321,8.4323],[77.8599,8.3963],[77.8356,8.3823],[77.8549,8.3757],[77.8413,8.3631],[77.8604,8.3563],[77.8587,8.3405],[77.8895,8.3421],[77.8927,8.3221],[77.9122,8.3217],[77.9258,8.3309],[77.9701,8.3408],[77.9736,8.338],[77.8881,8.2733],[77.8029,8.2402],[77.7813,8.201],[77.7456,8.1774],[77.5886,8.1421],[77.5377,8.1694],[77.5529,8.1918],[77.5453,8.2402],[77.5767,8.244],[77.5537,8.2769],[77.5634,8.2792]]]}},{"type":"Feature","properties":{"state":"TAMIL NADU","district":"Tirupathur"},"geometry":{"type":"MultiPolygon","coordinates":[[[[78.4901,12.3869],[78.4358,12.3938],[78.4556,12.4285],[78.4155,12.4882],[78.4093,12.6238],[78.4271,12.6352],[78.465,12.624],[78.4679,12.6759],[78.4993,12.6751],[78.5033,12.717],[78.5377,12.7169],[78.5364,12.6904],[78.5559,12.7002],[78.5556,12.7558],[78.5925,12.7827],[78.6029,12.8447],[78.6539,12.8653],[78.7163,12.8502],[78.7304,12.8657],[78.7492,12.8177],[78.9179,12.9107],[78.9037,12.8492],[78.8762,12.8534],[78.8975,12.8342],[78.865,12.8262],[78.8847,12.8105],[78.8489,12.7565],[78.8449,12.6968],[78.8564,12.6827],[78.8086,12.6362],[78.8387,12.6432],[78.8572,12.6247],[78.8177,12.5293],[78.7747,12.4853],[78.7776,12.4598],[78.7586,12.4427],[78.7687,12.4225],[78.7292,12.3738],[78.707,12.2993],[78.6519,12.259],[78.6352,12.2612],[78.6414,12.2822],[78.6038,12.2626],[78.6095,12.3098],[78.5883,12.3128],[78.6172,12.3473],[78.5845,12.3606],[78.5675,12.389],[78.5141,12.4071],[78.4961,12.4121],[78.4901,12.3869]]],[[[78.4891,12.742],[78.5138,12.7345],[78.5069,12.7223],[78.4891,12.742]]]]}},{"type":"Feature","properties":{"state":"TAMIL NADU","district":"Tiruppur"},"geometry":{"type":"Polygon","coordinates":[[[77.3267,10.4529],[77.3157,10.3557],[77.3366,10.3541],[77.3265,10.3211],[77.3509,10.2721],[77.3251,10.2701],[77.3105,10.2463],[77.2968,10.2527],[77.2881,10.2319],[77.2597,10.2303],[77.2629,10.2633],[77.2277,10.3154],[77.2356,10.3523],[77.1766,10.3584],[77.0955,10.309],[77.0782,10.3374],[77.0871,10.3774],[77.0418,10.4264],[77.0732,10.4595],[77.0585,10.4791],[77.0783,10.5022],[77.0854,10.5782],[77.158,10.5842],[77.1707,10.5997],[77.1811,10.6439],[77.1451,10.6599],[77.1341,10.7501],[77.1612,10.7932],[77.2153,10.8035],[77.2144,10.7856],[77.2541,10.7764],[77.2839,10.7866],[77.2782,10.8027],[77.299,10.8146],[77.2481,10.9047],[77.211,10.9023],[77.1818,10.9206],[77.1538,10.9983],[77.1753,11.0158],[77.1684,11.0673],[77.2646,11.1106],[77.2422,11.138],[77.2251,11.125],[77.1896,11.1505],[77.1732,11.1382],[77.1823,11.1619],[77.161,11.168],[77.145,11.2072],[77.1701,11.2833],[77.1392,11.2797],[77.1168,11.2985],[77.1506,11.3063],[77.1471,11.3362],[77.1825,11.3138],[77.1785,11.3418],[77.2184,11.3522],[77.2349,11.3509],[77.2215,11.3402],[77.2365,11.3141],[77.2034,11.3],[77.2415,11.3051],[77.249,11.3296],[77.2539,11.3108],[77.2889,11.3437],[77.2863,11.2924],[77.3144,11.282],[77.2956,11.2728],[77.3313,11.2568],[77.3487,11.2859],[77.3338,11.3151],[77.3661,11.3171],[77.3632,11.3415],[77.4175,11.3103],[77.4526,11.3132],[77.4653,11.2523],[77.5002,11.2268],[77.499,11.2056],[77.5169,11.2056],[77.5123,11.183],[77.4763,11.1849],[77.4697,11.1648],[77.4851,11.1608],[77.4832,11.14],[77.4989,11.1466],[77.5033,11.1069],[77.6324,11.1255],[77.7766,11.0583],[77.7897,11.0188],[77.7502,10.9765],[77.77,10.9618],[77.7608,10.9016],[77.7749,10.8712],[77.7889,10.8861],[77.8362,10.8354],[77.8669,10.8441],[77.8714,10.7954],[77.8929,10.7815],[77.8711,10.7717],[77.7985,10.8058],[77.778,10.7898],[77.7711,10.7672],[77.8258,10.7527],[77.8246,10.7151],[77.808,10.6808],[77.7662,10.6791],[77.7303,10.6304],[77.6985,10.6624],[77.7087,10.6863],[77.6955,10.7353],[77.6647,10.7163],[77.6557,10.6734],[77.5801,10.6791],[77.5428,10.6098],[77.5083,10.607],[77.5046,10.6426],[77.4825,10.65],[77.4177,10.6256],[77.3683,10.549],[77.378,10.5259],[77.4057,10.5221],[77.4017,10.4988],[77.3785,10.4939],[77.3851,10.449],[77.3267,10.4529]]]}},{"type":"Feature","properties":{"state":"TAMIL NADU","district":"Tiruvannamalai"},"geometry":{"type":"Polygon","coordinates":[[[78.912,12.0054],[78.7575,12.0116],[78.7365,11.988],[78.7027,11.9863],[78.704,12.0301],[78.7452,12.1239],[78.7376,12.1339],[78.6612,12.1025],[78.6572,12.125],[78.6309,12.1286],[78.6479,12.1622],[78.6328,12.1769],[78.6407,12.1977],[78.6508,12.1883],[78.6863,12.2158],[78.6508,12.2402],[78.648,12.2584],[78.71,12.3041],[78.7292,12.3738],[78.7687,12.4225],[78.7586,12.4427],[78.7776,12.4598],[78.7747,12.4853],[78.8177,12.5293],[78.8963,12.6899],[78.9276,12.6759],[78.9499,12.6864],[78.9715,12.6669],[78.9954,12.706],[79.0238,12.6926],[79.0086,12.6581],[79.0122,12.6573],[79.0735,12.7559],[79.1592,12.7528],[79.1611,12.7729],[79.174,12.7415],[79.2072,12.7418],[79.2087,12.7847],[79.2523,12.8081],[79.2503,12.8239],[79.262,12.7941],[79.2878,12.7791],[79.2895,12.7529],[79.3434,12.7315],[79.3451,12.6949],[79.3577,12.6968],[79.3556,12.7189],[79.3955,12.7294],[79.3801,12.7078],[79.3949,12.6898],[79.3534,12.6682],[79.3624,12.6518],[79.3518,12.6464],[79.3829,12.6283],[79.451,12.6712],[79.4655,12.7005],[79.4753,12.7314],[79.4534,12.7403],[79.4675,12.7567],[79.4623,12.7985],[79.4771,12.8071],[79.4574,12.8105],[79.457,12.8442],[79.4729,12.8513],[79.4726,12.8743],[79.5119,12.8566],[79.5392,12.8629],[79.6351,12.8173],[79.6353,12.7864],[79.6545,12.7642],[79.6775,12.7902],[79.7413,12.7486],[79.7415,12.7346],[79.7132,12.7283],[79.7365,12.7193],[79.7419,12.6949],[79.6825,12.668],[79.6466,12.6704],[79.6312,12.6383],[79.6457,12.6031],[79.7246,12.5874],[79.7057,12.5695],[79.7562,12.515],[79.7207,12.5005],[79.7473,12.4841],[79.7363,12.4284],[79.7178,12.4392],[79.7073,12.4151],[79.6915,12.4209],[79.6978,12.4022],[79.6695,12.3938],[79.6404,12.3447],[79.6217,12.3495],[79.621,12.3744],[79.6082,12.3781],[79.5982,12.3482],[79.5295,12.3701],[79.4961,12.3451],[79.4933,12.3703],[79.4511,12.3742],[79.438,12.408],[79.4113,12.4068],[79.4016,12.4357],[79.3825,12.4423],[79.2318,12.443],[79.2272,12.4019],[79.2485,12.383],[79.2247,12.3677],[79.2392,12.3465],[79.1982,12.343],[79.2346,12.3299],[79.2341,12.3157],[79.2893,12.3179],[79.2738,12.3055],[79.2801,12.2918],[79.245,12.274],[79.2484,12.241],[79.2251,12.222],[79.2359,12.2122],[79.2157,12.2123],[79.2346,12.1841],[79.2159,12.1983],[79.2099,12.1872],[79.2106,12.1661],[79.2783,12.1246],[79.2602,12.0822],[79.2379,12.0766],[79.2336,12.0592],[79.2007,12.0699],[79.1726,12.0305],[79.1475,12.0441],[79.1254,12.0188],[79.0789,12.0315],[79.0985,12.0661],[79.0852,12.0811],[79.063,12.0699],[79.0688,12.0525],[79.0525,12.0365],[79.0229,12.0501],[79.0315,12.0644],[78.995,12.0676],[78.9885,12.0551],[78.9597,12.0687],[78.9433,12.029],[78.912,12.0054]]]}},{"type":"Feature","properties":{"state":"TAMIL NADU","district":"Tuticorin"},"geometry":{"type":"MultiPolygon","coordinates":[[[[77.7923,8.6176],[77.8057,8.6119],[77.8189,8.6311],[77.8191,8.6503],[77.8061,8.6473],[77.8243,8.6748],[77.8103,8.6833],[77.8281,8.7344],[77.8181,8.7759],[77.8517,8.8021],[77.8182,8.8376],[77.8122,8.8719],[77.762,8.8868],[77.76,8.9276],[77.6951,8.9274],[77.676,8.9893],[77.6906,8.9939],[77.7199,8.9666],[77.7268,8.9967],[77.6891,8.9997],[77.6883,9.0147],[77.7136,9.0456],[77.7042,9.0734],[77.7449,9.0799],[77.74,9.1068],[77.6799,9.1058],[77.6741,9.1381],[77.6965,9.1339],[77.6901,9.1589],[77.7058,9.1884],[77.7345,9.1963],[77.7457,9.2677],[77.7703,9.2359],[77.7897,9.2515],[77.7735,9.2764],[77.7967,9.273],[77.8075,9.2452],[77.8802,9.2452],[77.8782,9.2079],[77.9152,9.2006],[77.9561,9.2306],[77.9568,9.2486],[78.0084,9.2738],[78.0106,9.3083],[78.0498,9.3066],[78.034,9.3337],[78.0535,9.3605],[78.1684,9.3689],[78.1713,9.3423],[78.2088,9.3272],[78.2179,9.2999],[78.2805,9.2899],[78.2694,9.2021],[78.2961,9.2051],[78.2739,9.1415],[78.3564,9.1181],[78.3568,9.0986],[78.3849,9.0947],[78.215,8.966],[78.1866,8.9236],[78.1581,8.797],[78.1871,8.7641],[78.1991,8.7875],[78.1983,8.7611],[78.163,8.7413],[78.1256,8.6651],[78.138,8.586],[78.1219,8.5157],[78.1306,8.4969],[78.0639,8.418],[78.0673,8.3731],[77.9122,8.3217],[77.8927,8.3221],[77.8736,8.3503],[77.8587,8.3405],[77.8604,8.3563],[77.8413,8.3631],[77.8549,8.3757],[77.835,8.3783],[77.8597,8.3989],[77.8321,8.4323],[77.8436,8.4712],[77.8073,8.5317],[77.8204,8.5516],[77.7811,8.5835],[77.7923,8.6176]]],[[[78.2053,8.8418],[78.2158,8.842],[78.2192,8.8339],[78.2053,8.8418]]],[[[78.2271,8.8712],[78.2259,8.8663],[78.2219,8.8726],[78.2271,8.8712]]],[[[78.2733,8.9425],[78.2698,8.9425],[78.2736,8.9445],[78.2733,8.9425]]],[[[78.2548,8.9555],[78.2507,8.9527],[78.2517,8.9563],[78.2548,8.9555]]]]}},{"type":"Feature","properties":{"state":"TAMIL NADU","district":"Vellore"},"geometry":{"type":"MultiPolygon","coordinates":[[[[78.5227,12.7214],[78.5093,12.7242],[78.5192,12.7363],[78.5212,12.7354],[78.5227,12.7214]]],[[[78.7527,12.8216],[78.7341,12.8304],[78.7304,12.8657],[78.7163,12.8502],[78.6565,12.8654],[78.6016,12.8508],[78.6334,12.9317],[78.657,12.9321],[78.6209,12.9912],[78.6555,13.0152],[78.6562,13.0312],[78.7053,13.0152],[78.7145,13.0687],[78.7518,13.0549],[78.7943,13.0666],[78.8131,13.0891],[78.842,13.0786],[78.8912,13.0972],[78.8916,13.0331],[78.9371,13.0304],[78.9037,13.0477],[78.9239,13.0808],[78.995,13.0866],[79.0634,13.0531],[79.0809,13.0257],[79.1145,13.0393],[79.1631,13.0203],[79.193,13.0467],[79.1804,13.0488],[79.1921,13.0561],[79.1783,13.0592],[79.1921,13.0674],[79.1807,13.0842],[79.2344,13.1052],[79.2329,13.1394],[79.2147,13.157],[79.2404,13.1719],[79.2453,13.1383],[79.2533,13.1603],[79.2805,13.1526],[79.2934,13.1014],[79.2725,13.087],[79.2945,13.0472],[79.266,12.9874],[79.2679,12.9401],[79.2167,12.955],[79.1864,12.9185],[79.2109,12.8952],[79.1947,12.8929],[79.1779,12.825],[79.2087,12.7847],[79.2076,12.7419],[79.174,12.7415],[79.1611,12.7729],[79.1592,12.7528],[79.0735,12.7559],[79.0122,12.6573],[79.0238,12.6926],[78.9953,12.706],[78.9763,12.6681],[78.9499,12.6864],[78.9276,12.6759],[78.8963,12.6899],[78.8658,12.6317],[78.8086,12.6362],[78.8564,12.6827],[78.8449,12.6968],[78.8489,12.7565],[78.8847,12.8105],[78.865,12.8262],[78.8975,12.8342],[78.8762,12.8534],[78.9037,12.8492],[78.9179,12.9107],[78.7527,12.8216]]]]}},{"type":"Feature","properties":{"state":"TAMIL NADU","district":"Villupuram"},"geometry":{"type":"Polygon","coordinates":[[[79.2926,11.9441],[79.1847,11.9728],[79.1684,11.9922],[79.1762,12.0474],[79.2007,12.0699],[79.2336,12.0592],[79.2792,12.1079],[79.2767,12.126],[79.2106,12.1661],[79.2151,12.1977],[79.2346,12.1841],[79.2157,12.2123],[79.2359,12.2122],[79.2251,12.222],[79.2484,12.241],[79.245,12.274],[79.2801,12.2918],[79.2738,12.3055],[79.2893,12.3179],[79.2341,12.3157],[79.2346,12.3299],[79.1982,12.343],[79.2392,12.3465],[79.2247,12.3677],[79.2485,12.383],[79.2272,12.4019],[79.2318,12.443],[79.309,12.4387],[79.3253,12.4508],[79.4016,12.4357],[79.4113,12.4068],[79.4482,12.3958],[79.4511,12.3742],[79.4933,12.3703],[79.4966,12.3449],[79.5295,12.3701],[79.5982,12.3482],[79.6082,12.3781],[79.621,12.3744],[79.6217,12.3495],[79.6737,12.3164],[79.7062,12.3346],[79.7503,12.3248],[79.7992,12.3374],[79.8676,12.2489],[79.9009,12.2294],[79.9245,12.2316],[79.9214,12.2501],[79.9553,12.2288],[80.0086,12.2548],[79.8736,12.042],[79.8498,12.0513],[79.8409,12.0128],[79.8568,12.0061],[79.8406,11.9558],[79.8126,11.9779],[79.8051,11.9533],[79.7847,11.9599],[79.7599,11.9436],[79.7622,11.9285],[79.7503,11.9199],[79.7445,11.965],[79.7236,11.978],[79.7428,11.9778],[79.7624,12.0027],[79.7124,11.9866],[79.715,11.9676],[79.6917,11.9513],[79.7112,11.9331],[79.7097,11.95],[79.7209,11.9449],[79.7175,11.929],[79.7407,11.9054],[79.7112,11.8907],[79.7066,11.9136],[79.7187,11.919],[79.6962,11.9192],[79.6954,11.8948],[79.6738,11.8916],[79.7031,11.8319],[79.6856,11.8325],[79.6748,11.8068],[79.6411,11.7985],[79.5908,11.8415],[79.441,11.8728],[79.3788,11.918],[79.3081,11.9204],[79.2926,11.9441]],[[79.7031,12.0316],[79.6605,12.0114],[79.657,11.9914],[79.718,11.9904],[79.7031,12.0316]],[[79.6207,11.9249],[79.6368,11.9015],[79.6707,11.9316],[79.6575,11.9481],[79.6426,11.9421],[79.636,11.996],[79.651,12.0218],[79.6282,12.0323],[79.6207,11.9249]],[[79.6362,11.8881],[79.5994,11.883],[79.602,11.8579],[79.6285,11.8698],[79.6263,11.8547],[79.6579,11.8527],[79.6627,11.8673],[79.6362,11.8881]],[[79.6713,11.8236],[79.6618,11.8394],[79.6473,11.8442],[79.6463,11.8162],[79.6713,11.8236]],[[79.6878,11.9696],[79.6546,11.9535],[79.6766,11.9485],[79.6878,11.9696]],[[79.7888,12.0261],[79.7946,12.0168],[79.8058,12.0242],[79.8043,12.0259],[79.7888,12.0261]]]}},{"type":"Feature","properties":{"state":"TAMIL NADU","district":"Virudhunagar"},"geometry":{"type":"Polygon","coordinates":[[[77.7392,9.2805],[77.5856,9.3086],[77.5915,9.3439],[77.573,9.343],[77.5547,9.3703],[77.5309,9.3759],[77.5221,9.335],[77.4747,9.3407],[77.4648,9.3291],[77.468,9.3467],[77.4414,9.3543],[77.4505,9.3699],[77.434,9.3909],[77.3891,9.3922],[77.3394,9.4201],[77.362,9.4572],[77.3926,9.4594],[77.4124,9.509],[77.4035,9.5264],[77.4279,9.5465],[77.475,9.55],[77.5282,9.6505],[77.5439,9.6617],[77.5519,9.6444],[77.6082,9.6966],[77.644,9.7064],[77.6509,9.6831],[77.6812,9.6767],[77.7099,9.7054],[77.76,9.6827],[77.7763,9.6404],[77.8419,9.6353],[77.8489,9.6504],[77.8914,9.6423],[77.9007,9.6265],[77.9232,9.6476],[77.9526,9.6496],[77.9753,9.6296],[78.0007,9.6503],[78.0146,9.6395],[78.0406,9.6785],[78.0818,9.6632],[78.0878,9.6834],[78.0614,9.7415],[78.1011,9.7551],[78.0886,9.7798],[78.107,9.7861],[78.1461,9.7429],[78.2043,9.7636],[78.2102,9.7825],[78.2769,9.7406],[78.2712,9.6918],[78.2861,9.6765],[78.3019,9.6783],[78.2955,9.6935],[78.3248,9.7427],[78.3393,9.6581],[78.3885,9.6536],[78.3999,9.612],[78.4273,9.6163],[78.4122,9.588],[78.3978,9.5952],[78.3684,9.5705],[78.3823,9.5159],[78.3285,9.4952],[78.3301,9.4728],[78.3469,9.4713],[78.3519,9.461],[78.311,9.4679],[78.3012,9.4422],[78.2186,9.4474],[78.243,9.3811],[78.3042,9.3843],[78.3105,9.3452],[78.2954,9.3426],[78.2978,9.326],[78.3244,9.3324],[78.3331,9.3541],[78.3627,9.3492],[78.3286,9.2753],[78.2179,9.2999],[78.2088,9.3272],[78.1747,9.3387],[78.1685,9.3688],[78.1489,9.372],[78.0535,9.3605],[78.034,9.3337],[78.0498,9.3066],[78.0106,9.3083],[78.0084,9.2738],[77.9568,9.2486],[77.9561,9.2306],[77.9152,9.2006],[77.8782,9.2079],[77.8802,9.2452],[77.8075,9.2452],[77.7967,9.273],[77.7735,9.2764],[77.7897,9.2515],[77.7725,9.2356],[77.7392,9.2805]]]}}]}